NAME	SEQ	LABEL	ACTIVITY
seq000	AGGACAGATTTTCGCGTGTTGGGCCCAACGGATCAGCCTCTATAAACCGTATCCGACAATATAAGG	0	0.8661677897465699
seq001	TGACTCCAGGAAGGACGTGTTGTTCGAGAAGAGCAGCCGAAAAAGTTAGCGATCGGCTCGACTTTC	0	0.8007365322627945
seq002	TATACTAGGAAGTCGACTTAAGAGATGCAAACAAAGAGTGGGGCATATTATCTAGCCAGACGTCAC	0	0.7031076758284261
seq003	AGCTTACGCAGGTGTCAGAGAGTCCACCGATCCAATCTCTCGCTGTCGGGGGGTACTTTCAGTGTG	1	0.4657820505139504
seq004	TATAACCTTTCTTGGGGCGACGATAAGCGCAATAACAAGTCCGTCTGCTTCCAAAAGCGATACTGA	0	0.6767813535231368
seq005	ACACAGTCATATATCGCCACTTCCGCATACTATAAACACTCAATGGGAGGAATGCTAGTGATTCTC	1	0.31031370047288087
seq006	CTGCGGTCCACAGAAGTACCTTATGGCAACTTTGCTCGATCCTTAAAAACCGGGGAATACCCTCAG	0	0.9545735348487091
seq007	AAATCCCCTTAACCGGATGCCAAAATCTATGTATTCTTCGATATGCTCTCGATGTGACGTTTTCGC	1	0.0041322223847830575
seq008	GTTTGAGCCCCTGCTTCAAAAGGTCGGCGTCAGACAAGTTACCGTTCAAGGTCTTCGCCGGTTTGG	1	0.030238717520258862
seq009	CATCGTTCTGCAATACATGCATGGCCGGCAGCAGGTTGAGTTATAGGGTTGCGTTCGCTGTTGATG	0	0.3197720191484654
seq010	GTACAGTGGTTGTCCGCCCACTTATGGCCCAAGTTGTGCCGCTCTATCCTAAACACAGCTAACAAG	1	0.2921183238054402
seq011	ACGGTAACGGCGTCGACATCACCCGAGTTGTCTGCGCAACGTGCTCTTATTGCAACGATTATGAAC	0	0.43328605719624935
seq012	TGGCTGGCCACTTGATAACCTTATAACCGGAAGAATGGCCGTGAATCCAGTATACCCAGTCCTATC	0	0.684052653266583
seq013	AGTCGGGAAATACCCCCACCGGTACCTATGTCCAACGAGTTCGATTTAAATTTCAGTTTTTAGCGC	1	0.04414774477846717
seq014	GGCGCGCGTGTCACGCGATATTGGCAAACTCGTCATTCAGGGATTGGCGGGACAGTACAACGTCCA	1	0.7824165574832247
seq015	GACCGGAGCGAAACAATTAAAACACAGTTCACCCCGGGGATTTTCACCACCTTATAGGTTCGCCGC	0	0.47775028095897565
seq016	GACCTGTAAACGCGGTTACAATCCATCGTTTCCCACCAATTCTCTGGTCCGCGCCACTCAACTCTA	0	0.25514369040251506
seq017	GCGCATGAGACGACATGGCGCCATGGTCGCATGCGCTATTCGTGTGGGGCACTCAGGGCCCCTACT	1	0.4286280812901937
seq018	CGAGCCGTAACAGTGACCTTCGTGGGGGATACGATATTTCCGGTTGAGTAGTAGTTAGCCGCAGAG	0	0.9173742930004427
seq019	AGGTTGCGGCTCTCATTCTTGAACAGGCCAGGCGAGGGGTTGAGGCACGAGAACGTACCTTGGTTT	1	0.24097292673688964
seq020	CGCGAGTGGGGAGTCTTCTTAGGAGCTCAACAGCATGCTTCCTCCCCTTGAGTGAGACGGATTACG	0	0.10895159595965154
seq021	TCTAGAAAACAGCTGGTAGAGGAGATACTCATTGGGGGTTGGAGCGTTTGTTAGAGCGTTCGGGGC	1	0.8626281610092718
seq022	TCATTAGATTGGGTTGCTGTTTAGCAGGACCATATCCGGAGGCTTTAATGTTACCCGGCAGTGCTT	1	0.4962548430058519
seq023	TACGGGCGCCCGTGTTTTCAAACGGCAGTGACCGTGATCAAGAAGGTGGCACGTCCCGGGCATCAA	1	0.6155702242671924
seq024	GAACCGTAACTCCGAGTGTCCGCCGTCTGAACAGGCGACGCAGGTGATGCTTCACCGCTGGGAGAT	0	0.102868850143643
seq025	TATTAACCAGGAACTCCGCGAAGCTTACTCTAGCGTTATCCAGGGGATATTCCATGTAATTGAGTC	1	0.130406507309068
seq026	TCTCCTGTAAGCCTAAAGACTGTTCCTTGGATGTGTCACGAAGCGAATGAGCGAGCGCACGAACTC	1	0.30131731726064626
seq027	TTCAATATCTCTGGGAGGAAGCTATTCAATCAAATTACCTCCATGCTACATAAGGTGATCGCATGA	0	0.6454188325949464
seq028	ATCAGGCTCGGGAGATTGTATTCCTTCGGTGTTTAATAACTACAGTAGCTGTGCGCGTTAGCAGTC	1	0.684677991486401
seq029	ATGAACTGTCACTCGCAAGCTATTAACAACACAGTCATTGTCAAACAACAATCCCAACAACTGCCC	1	0.03232842832793459
seq030	AGCTATCGACTACTGAACTATTGCTTTCTCAGTCGGTACCTCAGTATAGATAAACGGCGAAGTGCT	0	0.2407240349962283
seq031	ACAAATTCCCGGGACCCTGCATGTGCCAAACACAGCACCACTCGCCTTGCCTTGGAACCCTATGCC	1	0.5146745501836836
seq032	GCGATGGAACTACACCTATTTTGGATTAGTGCCCGGGATTTAACACGGCTAGTCCAGTCCACTGCG	0	0.09719324992163192
seq033	CCATGGTCAGTGCATATCAAATAATCGTGGAGCAGCAACTCTTTCCCAGTGAGCATCTCTTGAGAT	1	0.10937109598328487
seq034	AGCTGCAGAACTGGAGCAATGACACGTTAAAATTGCTGGTCCTAAAGCTGGTAGTCCTATACTCTC	0	0.0007265879219768845
seq035	AGCCACGGGAGTCCGGCAGAATATGTGTTAATGTCTGAGGCGAAGCTGAACTGACCGAATAAGAGC	1	0.7087940900349521
seq036	AAACAAAAGTATTCCGGGCATGGCTCAATGGATAGGCCCCAGGCGAGTTAAGCCCACCTGTATCGT	0	0.42502042545875496
seq037	CAATTTTTGCCAAGAAGGGTGTAACGAGTCGTGGGCAGTCTGTGGGGAGGGTGCTGTGCCGGCTGC	0	0.27025919529987485
seq038	TAGTCACACTTCTAGTAAACGACAGCTCAGCATAAACGCATTGTCGTGCGTTTAAGTCCGATAGGA	1	0.19394594345551863
seq039	TAGCCGCTTGGACGATATCGTTACGAATTACTCTAGCACGCGGCGGATAACCAGGGCGAGTACTAG	1	0.12102621825230742
seq040	ATCTGGTGAAATCATTATGGCACCCATCCCGTCGTTCGGGTGGGCGCAGCATTCACTTTAAGGTTC	1	0.022617728614730326
seq041	ATGGGTCCTACCGACGTCCAACATATTACGTCGTGCGAGAAAGGAGGCACCCGTGCGTTGACTCAG	1	0.45388794237525865
seq042	AACCTTAACCTACCCGGTTAGGACTACCACCGGATGTTGACTGGCGGTGCCTGCGATCTCGGGTGG	1	0.21464445235756968
seq043	CGACTTGGCGGAACTGCTATGATGGACCTCCGTTCCTTGTTTTACGGGGTGCATACGTTGGCTGCA	1	0.5112156060158348
seq044	ATACCGGTGCACCCGTCCCACAGATAAGGCTGGTCGAATACAACGAACACTGCCATGGATGCTTCT	0	0.3339109185391379
seq045	CGGGGCCCGGCGCAGTAGTCATATCGAAGGATTCTATCGACTTTTGATTACCAGTTCGACTGAGAG	1	0.5525776715785653
seq046	GTAGTGCAAGCACGCATGCGTGATCGGTTTCGGCCTCATGCACAAAGCATTGAATGCTACGCGGAA	1	0.709901550291757
seq047	AGATATTGTACAGAGCATACTTTCTACGGGACAAATCACGTAGGGCCGGTACACGACAAAAAACTC	1	0.9010271408433118
seq048	AAGTTAATTACGCAAATCTCACAACGACTTAGGGTAGCTTCACCCAACACCATAAGCGCTCGAGTA	0	0.5078951142090558
seq049	GACGTATTCCAGGCTAGCGGTCCAAGGTCAGTCGGTATGCGCCCCAGCGAAGCTTGGAACTTGTAT	1	0.959160729606014
seq050	CACGTGTGAGCAAGGTCTTGCGTTATAGATACGTATCTAACATCCCTTTTCGTAGTGCCAAAGCAG	1	0.2332682088030844
seq051	GCCGCGTGCTACCGGAGCCCGTAGTAGCTGCGCCGGGCCAGCGTCGATCGATCGGGAGTCTTTGAA	0	0.47776094597786944
seq052	TACATTTTCGATTGACCGATTAGAAGACCCAGCTCTGTAGATCCTACAACTTCCATGTGCCTGTAT	0	0.9322635669245766
seq053	CCTCTTCAGGAGCAGGTGTTCCCGCAAACGGGGACAGAGCTAGCGGCTCTCGGCATTCAAACCATA	1	0.014636644618183037
seq054	CTGGATAGGTCGACGCAGACTCTTATCAGGGTCAGGTTCTAGGCCCGCTCGAGCTGGGGCGGAACA	0	0.3749935496774285
seq055	TCTCTATTTCCTTGTCTCTTACTGAAGAATTGTCGCGAATCCATACCAATTACCCAATTGGTTACC	0	0.06277587608988011
seq056	CGCGAGCGGGATCGTCACAAGATGGCAGGTAGATGCTCCGTATTTCTCGACTCACCTAAGCGGCCA	0	0.156442557963683
seq057	CATCTCACGGCACGTTCAGATAGCGAGTGTCTTCCTAACATGTCCACTCGATAAAAACTTCCCGTT	0	0.382189061897268
seq058	ATGCCACGTTGGTATTTAGAACATAAGAGGTGAAGGGTACGAATGGCGAGACTAAGAGGCGGAGGA	1	0.7004584702632586
seq059	TATCACCGCGTGCCTATGAGCATGCACATACGCGAGGTGCGTGACCTCCGTACCTAGGAGAGCCGC	1	0.7042394752135812
seq060	CTCATTAAATGCACGGGTAAATGGAGAGCGTTGGATAGGTTCTACCGAATTCGCGGCACCGAGTTG	1	0.29333517421419675
seq061	ACAGCGTCTGTGCCTAATGCTGCCGAGCTTCTGACAGGAAGCACCACCCCTGAAGCATACACCTAG	0	0.24387545662941856
seq062	TAGAAATCTATATATTTAAGATGTATCTATCTGCCATTATCAAGCAACATATGGTCACAGGGGTGC	1	0.08921011825846459
seq063	AGATTCGGCGCACTGAGTTTGAGCTGAAATAGAGCGCTAGTTCCTTGTAACAGTTCGCTTAACAAG	0	0.9498336183502556
seq064	CTATAGCCCCAGGGCGGTGTCGCAAGGTTCCTCCCCAAGATTTTTTCTATACGAGCAGCCGTAGGA	1	0.6048969254461313
seq065	CCATGATAAACTTCAGAATGGAAGGTCAACCGAGAACGTGACGATGCCCCTGTCCGTGCGATTGTT	1	0.9430499416553594
seq066	GGGTGTAACCAGCAGTGGAGGCTGCACTCGTACCCGCTATTTCCCGAAGAACATGGTGGCTACCCC	0	0.7813704671563235
seq067	GTGTCAGGATCGACATCCGCTGACGCGGCTAGCTCCCGTCAAAGGCTACCTGCACGCTGGCTCGGA	1	0.5384598414522095
seq068	GACCTGTCAAAGGTCTGGATCCATATAGTATACATGCACACGAGTCGTACGCACCCCTCAGCACCC	0	0.17212179215800083
seq069	CATCCGCAAAACAACCATCCCGCCAAAGGCAAAAACGACATTATGACACGGTCCGGAAGGATCAAT	0	0.2861440995604839
seq070	AGCGGCCGACTGCGCTTAAGCGGCTGTTACGCCTTCGCATACAGACCGATAGGTGACTACTCGTCT	1	0.3370226255239889
seq071	GATAATAAACAACTGCTTACTCAGACCAGGGATCTAGGGCGGGAGCTTTAGCCTTGTCCACTTGTG	0	0.06393669931659929
seq072	CAGGACATTTTTGGCTGGTTCGTTTTCGGTATAATCGAATGCACAAGGAATCACAACTAACGAGGA	0	0.7649152802038512
seq073	TAGAGAGAGTTACGGAAGTAACCGGGTACATTCTTTTCTATCTCTCCTCTTACGTCATAGCGAGGA	0	0.0476162469211423
seq074	GGTCTTGTTGGCCAAGTTCATCACAGGAGGGTTCAATACACCCCTCTCGAAAATCGTAGCAAGGTG	0	0.8292601702691658
seq075	TATTGCTTGGAACGGCTGAATCGTGGGAAAGCCTACTCTGTCCATTTCGCCCCGGCTCTAAGTTAT	0	0.7025891869989033
seq076	CAGCGTGTCAATTGCGGCTAGGTTCAGTGGTGACTTCGTGGGAATCAAGATCACGCTCTACGGTCC	1	0.6411871528961722
seq077	GGGCCGCATGAATGCCCCTCACCAGGCGCCGATGCACTCTGACTCCACACTAATACGCAGTGCTGT	0	0.6978717964778407
seq078	GTATACTGCCCCAGTATTGGGCACCGAGATAACGAAGAGGAAGGACGGTAGAGTTTGTGTATATCC	1	0.35837013862626643
seq079	CGCTCGGTTTTCAGTGGGTGCGGCCCTGTCGAACCCGCACTCGCGTGAAACAGTTTAACTTATGAA	0	0.2074056518462295
seq080	AGAACGAGGGTGTCTTAGTAGACTAATAAGATCCTCACAACGGACGCCTATCTACATCCGGCAATG	1	0.9751416994632472
seq081	CACATGTAGAACGGGTTCGTTACGGCGGCGGATGCTAAAGAATTCGGAGAGCGTAACTTGATGTAC	0	0.8654131135359213
seq082	TATGCCCTCTCGCATTGACTCGTTTCGGCGTCATCACGGCGGTAAGTAGGAAGCACCAGGTGAAGC	0	0.16085523074565022
seq083	CTTGTGTGTGTCCTGGATGCATAACTGCACGTAAGGATCTGACTACACAGGAACGCATGGTTAATT	1	0.24858897924082457
seq084	AGGGTGCGGACGCTACAGTCGAGGAAGATAACTCGCTTAAAAGTTACCCTAGTTCGCAGCGCTAAG	0	0.971774456639129
seq085	GCCGTGCGAAGATTACCCATTAATCATCAGAACGAAAGGCACCTGTCTATTCACCCTTTCATTCCC	1	0.14981674148187318
seq086	ACGGGAGAGTTAGAACTGGACTAATCATGGATCTCTGCGGTAGGTATGACACCTACCTTTCGGGAG	0	0.9669292832150724
seq087	CCGTTTAATGGTATGCGGTTTCAGGCGATGGAGGGCTTGCGATTATGAGGACATCATTGCGGAGCC	1	0.3203717246249722
seq088	GGGCAGCAGAAGGCTCGCCCAGGGCACGCGAGCTCACAAATATGCAGGTACCCCCGCACAGGGGCG	1	0.25720813795807207
seq089	AGGAGGTATTTACCGAACATTCGCCCGCCCAGCTTCCTGTTCCGCGATCTCCACAAGATGCCTCTC	0	0.10836393139765643
seq090	TACGGGTGTCATGAATGAGTTTACTGCAACGGCTTATCAACGTTGACATTTAGCCCCTGCCTAGTC	1	0.9734678213337827
seq091	ACCACTAGTCATTTAGCTATTGAGAGCCTCGCCACATCGAGCTAGAGTGAGGGAGTATAGTGGACA	1	0.5319813385933373
seq092	CACAACGAGACTTAGGGCCGCTCGAGTCTTACTAACGGACCTGTAGGTTGTTCGTAGGAGAGACGT	0	0.3952216667340761
seq093	AAAGTTGTGATCGATTCGACTGTCACCGCCCTATAGGGAGTTACTTAACATTACTTAACCGAAGTA	0	0.8987536998583456
seq094	GTCGATTTATAATCTACCGACTTAAAGTTTCTTTTAGGTTGAGGTATGTGCACCGCAGTATACCAT	0	0.34608108498541035
seq095	GACCACACGATCCAGCTGTTGAGTTAACAATTGCGGTGGTACGAGTTGAAATAGTTATAAGGTCGC	0	0.9115973839303314
seq096	GCAACTTCTGAATCATGTTTATCAATCATGTTACTAGCTAAGTAAGACCCCTGGTAACATACGAAT	0	0.8326937724099682
seq097	GCGATGGAGGCGATATGGACCCACCATGCCGATTATCAATTAAGTGGAGTCGCAATGTTGAGTGAA	0	0.6757199137547529
seq098	GGAACACGGCTTTTCGGAAGTTGCGGCTACGGATAGTACGAGTGCCTGGTGGTTATCTACCACCCC	0	0.6080315032242373
seq099	CTTAACCTAGAGAAGAGGACTCGATCTGTACCCCGTAAACCAAGCCTCAAGACGCTTTGAGCCTAA	0	0.675621489871608
seq100	AGTCAGCACATAGTGCATGACGTTATCTCCAATGGCTTACGTGTCCGTAGCATGAGTTAGGTTCCA	0	0.47212559279797683
seq101	TTGTGGCTACTATTGTCGGTTGACAGTATATGGCTATTTAGAGTCGCGGGACGCTCTCAAATTACC	1	0.7369463885903037
seq102	GCCAAATCAGCCATGGCGGCGATAGAGGGAATCATTACACGCAGTCTCGTCAGTATAGTACATCGG	0	0.825471689965096
seq103	CATGTTTCCAGTAATTGAATACACAGGCGTTATCCCATCGGCGCTGATTGTGGTTCTCCAAAGGGG	1	0.10195212667465547
seq104	GAAAGGATAGAAGGTACATTGCTCCGGGTTTTTGAACCGATTTGCAAACGATCATATCCACTGCCG	1	0.3022574033108749
seq105	TACGTCGACCGGAGAAGACCTTGTGGCTCCGATTCTGCCACACATTAATCTTTGACTATTACCGGT	0	0.599804716953473
seq106	GTCGCTAGCTTAGAAGGTCGTAGACTTTGACTCTAATCGGTCATTGCATCACGGAAAAGGTTTTGT	1	0.964968538478842
seq107	GATGTGTGTGATCGTTCAGTTGGAACGCGTGAGGTTGACTTCGCACGATGCTCCTGTGATCGCCGC	1	0.23745062858051513
seq108	CTGAGTAGGTTCGAGCTGGTCTGAGTGGTTATAACCTTACGTGTAGTAGGGGCAGGTCCCCCCAGG	0	0.26546425321456746
seq109	GACATCAAGAGATTCGCAACAGACGGCGCTAGCGTAACTTATGTGGTTGCACACAAGTTGAATATA	1	0.22150678765700338
seq110	GTTGGAAAGACGGCGGTTGCTCTCTTCACTGGGTATGTACGTAATGCATCCTTGGCTGATCGCCGT	0	0.38319371204786024
seq111	CGCTTGTCCATGACACACTTCGCGGAACGCCAGTGACTCACGATCTTTCTAGTAGAGCGAACACCC	1	0.6889764393384982
seq112	TTTGCTAGATTGGCAATTTGAGATTAGAGGAAATAGGGGCATGCGGTGTTTTCGTGGGAGCCGGGT	1	0.07800439409434456
seq113	ATTTCCTGTAGGACTTAGGCATCCTAATTACAACTCCCCGGGAGTATACGTTTTGTCGGGTGACCG	1	0.6590205529083965
seq114	GTGCTCCACAGGGTCCTCGCTGTCTTGCACCTGAGTCAGAAAGGTTGAGTTACCTTCGTTATCTCC	0	0.0374997193079033
seq115	GTCAAATGCGTCCAGATTCCTGGGTAGGCGAGACGGCCGAGAGCCCCCTTGAGACACCTCCCCTCC	1	0.36814872986242975
seq116	GGCTAGGTCGATGAGAGTCGTACACCTAAGGTAGGCGCGGCGCTAACGCAAACTCGAATACACAAT	1	0.8743037131396618
seq117	GCACACGGCCCGGTGCAAGGCAATCGGTCTAGCCGAAATCCGCGGCTGTGAAGTCCTGACACGCAA	1	0.5459193230140518
seq118	ATTAACTTTTTCTAACTGATTGCCAGGGTCGAGACCTGATGGTGATGGTTGAAGAACCCCCCGTGT	1	0.7265180552008634
seq119	GATCGCTTCCGACGGCATCGCGATGCAGATGGTGCCCTTCCCGAGTCGTGAAGCTAGTCCCATGCC	1	0.9391148731849482
seq120	TAGGGATGATGGCGTCGTGATTTACAACGGGTACATAGCATGCACAGCTGTAGGAGGAGTCCCCCT	0	0.8662044295883876
seq121	GTAGATGGTACAGCTTGTTAAACTATGGTAAAATGAAACTACCGAGCAAAGGCCTGCCAAAGGACG	1	0.23853573818457185
seq122	AGACGATATCTGCGCGGCGTAGGTACTCCGAATGGCAGCACGACACAGAGGTCGCGCACTACAAGT	0	0.48071966638526753
seq123	CGGGGCGGACTGCATACCATAAGCTAGCCGATTCACCCCGCGTGCAACTAAGCATTCGGATACCCA	0	0.5698310419174478
seq124	GGGTTGACCCGTAAATTGCGAGCAACCCTGTTAAGTGCTCTCAGAGGAGGCTGGGCTCTACCTGGC	1	0.9702438409348916
seq125	CCAGCAATGATACCTTACCACGTCACCCCGGAAGTGAACGCACATTCACACGAAGTCGTCAACAAC	0	0.7934407835916787
seq126	TTCATCGAATGGCTATTTGCGAACTGTGTTCCCTTTACATGTGACACACAAGCCCGTAAGTACCAC	1	0.45279719945658614
seq127	GTTGGGGCAGAAGGGACCGCTGAACCTGCGTTCTGATTTTGTGACATACGTGGACTGGGCTACTCC	1	0.8591923291152443
seq128	AGTTCCAGAATTCCCTAATTAGACCACCAATCCTGCAGGAAGTGCACCTTAGTGAACTTTATATGC	1	0.3209928224719085
seq129	TGTGCGAGAGTATCGTAACATCAACCTTTTAAGCTACTCCTCACAGGGACCACTGCGTCATATCTG	1	0.9804136475969617
seq130	AGTCTATCTAAAAGCCCAAACGATTTGGTAGCTGGCCCTCAAATTTTTCCGCTAGTGGTAGCGCCT	0	0.6494009139832169
seq131	GCCAATAGGTATGAAAGGGATGGTAACCTCGCGCTCGCACTTTTCGAGATCTCATAATAAACATGC	1	0.05066127397831399
seq132	CTCGGCTGGCTCGGTAAATGAGACAATTGCCACCCCAGCGGGGCCCCCTTATACCAACATCCCTAG	1	0.7281840392855723
seq133	AAGCTAAGCCGAAAGCAATGCTTCATGTTGTTATAAACACTAGGCAGCGCCGACTCAGGCATCAAT	1	0.2803786344339798
seq134	GACCCCACGGAAGACTCCCGGTTAGCGAACCGGCGGTTTAATACACTAAGGACCAGGAGCGCTTAA	0	0.5024018177234808
seq135	GCTATCGCGCGAGGGGACGACTCATCTTTCCCTTAAGGATTGTCACAAGTGGGGTTTAGCCGCTAC	0	0.36499041383065045
seq136	GTACATTCAAGCTATTACCCATGCCCCGAGGCAGACTCAGCTCGCTCGTTCAGCCTTGCCGCTATA	1	0.5022402131784547
seq137	CTGCTACAACGCGAACCTTCCTCTTTAGCGCAGCTAATCTTGCGAATCTGGTCTCTCCCTAGACAT	0	0.19796326650355456
seq138	CGAACATTTCCGGATGTCGGGTCCTTAAGGCAATTAGCTGCGTCATAGGGGCAAGCCCCTAGTTGC	0	0.06654040444036424
seq139	TCGGCAGAACTCTTGGTCCCAAGGGCAGGTAGATCAGGACACTGGGTCTACATAAGCAGCTTAAAT	0	0.5113205650729653
seq140	CGCACCTGGGCTCAGGAGAGCCCAGGCCCTCGGTGCATGGCCGGCCCGTTTGCCTGCCCGAGCGAC	0	0.5380590641597689
seq141	TCAAGTGGTCCTGGTGTGGAGACCCCGCTTCCCGAGCCCCAAGCTTAATTGCATATGACCAACTTT	1	0.6787366211837247
seq142	GGGTAACGAACCTGGGTAAAGCGGCCTGGCGTCTGCGTATCGGGGAGAGGAAGGGGATCCTGTCCA	1	0.5806311959973028
seq143	GACGCCTATTGTGTTTTTATGGTTTCGCGTTCAGTGTGAGGTCCCCCTGTCCTCCCGTTGAAAGCC	0	0.8436244280044994
seq144	CTATCGTCAAGTCACTCCCGCTAAGAATTAGGCGTACGGGGGTCTAAAGAACCTGGAATAAAGGTG	1	0.5628973118265571
seq145	GTGCGAGGTTTGTGTACGGGCGAGATAATTCAGACTTGATGCGTGTTGGCACGGTGCAATGCGGCC	1	0.7092790780345553
seq146	CCAGTCATTATAAACCCTTTAATTGCCGGTACATCGCATTTATTGTCTTGTTAACGCCGCTTGTGC	0	0.38373959671909974
seq147	GCGAACTGGAGCCTACCGAACTATTTTTTAACGAACAACTTGTCGCGTCGAGTCTAGCAAGACGAA	0	0.5195850401619504
seq148	TTTCTAGCTAGGGCAGTAAGCAACAATTTATGAGCTGGCTTTGGCGTAGGGATCTCGTTCGCCTCA	0	0.7936944231238181
seq149	AATATAAATCCATGGGCCCATAACTAGATACGAGTGACGACCCTATATGTCCTCCTACGGTACATG	0	0.280285568592598
seq150	CGCCAGAAATACACATGCTGGGTAGGTGTCGGGGACAGCATATCCTCATGGTATCGGCTAGGCTCT	0	0.2348220598336056
seq151	AATCCCATTCCATCTCTAGCCATGCGCTCCTCTGAATTCCTGGTTCGCATTACGAACCCTCCGCCA	1	0.602454797258537
seq152	GCACTCTAGGCACTCCCGAGGGTGTGATATGGGGACGAATAACCCTTAATAGACCCTGGTGAATCT	1	0.3274126702487353
seq153	ATATTACCCCTGCAAAGCTACTCTTGCAAAAAATCAGATAGCGGAGGACGATTTCGTGCAATGACA	1	0.9235996623469539
seq154	CTCATATCTAGCCTAAGTGTTATGATGGCTAACCGCTCACCCCGGAGTGTGTGCCAGAAGTAGACA	1	0.6684734283823436
seq155	ATACCATCAGCGGACCAGACCCGGGAACCCGGCAACTTATAAGCAGCGTGCTGGATTCACATAAAC	1	0.01546227122356214
seq156	CAACGTTTTGCTCCTGCACTGCACAGTCGGCTCTGTGGGGCAAGCCGGACTCCTTACCAGACGTGT	0	0.6476155204860597
seq157	AACTCGATACACCAACTATGAGTATTGCCCGGTTTCCCTCTCACGCAAATCGAATACTACCACCCC	0	0.22876718039682076
seq158	AGAGATTTTATCGGTTCGTAGCAACCTAAAAGTGCAGTTGTCGGCTACTGTATGCACTAGTCTTAC	1	0.2710888716844585
seq159	AGATTATAAGTCGCAACAGCTGGGGTAAATACTTTTGTGTGTAAGTAAGTCGTTTGTTCTCCTAGC	0	0.3924316466241793
seq160	CTTAACTCTGGTGTTAAGGCTCAACGTTTACGGTCGAAATTTCTACTGATCCCCCCCCCGCCACCT	1	0.7173494276731338
seq161	CTTAGTTATTAATATTAGCGAAGAAACCTTAAGCGCACTCGATTACAAGAATTAGTGCGCATCATA	1	0.2467580185666589
seq162	AGGCCTTCGGGTAGCAGAGCACGGTGAGCAGTGATCCAGTGCAGCCCAGCGCAGAACTTAGTGATA	0	0.22671911089516705
seq163	CGTAGGCAAGAGTGACAAGGCCAACCGGGTAGGAGAGTCGCCCTTTGTTAACGGTTTACTGACGGC	1	0.6479107205828633
seq164	CTAGCGCACTTTTAGGCCACCTGCCGTCATTACCGGCAAATGACGAATGTTGCAAGAAAATACCTG	0	0.18308539298244852
seq165	TTATTCCGTAAGTACCACCTCGGGGTTGTAGCGTTACAGGGTTAAGGGATCTATTCTCTTCTTTTA	1	0.38210477243280594
seq166	ACCACATGAGTGAGACTCTCCCTTCGCCATTCCCGCAAGACAATCTGTATGTCAGGTCGCAGCAAG	1	0.23983624894335198
seq167	CACTTAGGAGACTGACGCTCGTGCAAGGTAGCGGGCCACACGTCTCGAGCAATGCGTACGCCTCCA	0	0.4331972819848988
seq168	ACTCACGGGAGGGCCTCTGAAGCGCCTCCGTGTAGGTTCGTAGATGCTTGCCCGTTAGAGCGTATT	1	0.7466402882184242
seq169	GTACCATCCCGTCCACCGCAACGTGTAAGATCATGGCTCGGTTAGATTCGGAAACAGTCAATGTAT	1	0.7015062867730745
seq170	CGGTACCCGTTGAAATTGAACTGCGAATCGTGTGTTCACTGGAACAAGGTAAGGGGCGGTTATTTG	0	0.5372525299351089
seq171	TACGACGCGTTAGCTTGTCGACCCCTCGCGACTTCAAGGATTTGCTTGGGGTGCTACGCATGGTGC	1	0.31990734251423114
seq172	TCTGTAACCGGGTATGAGAGTTCTCGAAAACAGCGCCGAGGATTGATATTAGAAATGCTGATCCTC	1	0.7108933061577569
seq173	TCGATTGATGTCAGATTCTGCCTAAAAATAAAGTGTCGACAGGATGGCCCCAAATCTGTGTCACAT	0	0.559755735464909
seq174	CAAGGTAATGCCATATGGTTCGTTCCGGATATAGGTAGTTAATCCGGCGCGAACTGTCGTACTACT	1	0.22410182518716826
seq175	CACACGGAACACGATCTGCGTGGGAGCAGAATTTCTGAACACCCACAATAGGAGCGGCCTAGTCCT	1	0.8030837659919928
seq176	TTTTTGTTAGAACGTGATCCCTACGTGGCTTTAAGCACCGTCGACGATACGGCGAGTGATCTTCAG	0	0.8219486795943705
seq177	ATATCCCATGGGTCCAGTTTCCTTAACCGACAAGACTTAGTCAGCAAGGGCGGAACGCTGGAGGCA	1	0.9113229945319996
seq178	ACAGCCTCGTCTGAGGTCTGGCCCTTGCCTTAGCAGTTTAAGGAGTCCCACTCATTTGTTAACCGA	1	0.6780513668079682
seq179	CAACGATTGGCTATCACACAGTATAGTACACCTTTATAGACACCGGACGGCGCGATGGACAAAGGC	1	0.20359269430277227
seq180	GCACTCTCACAATTAAACTCGATATTTTAGCCGAGTAGTAGTTCGTTTCCATTCATGGCTTTGCCG	0	0.7217212879041873
seq181	GTCTCGTGGACAAAATACGCGGTACGCGTCCTCACTTGATGAAGACCCTTGACTTACCCATCCCTT	0	0.8740581982340071
seq182	CCGCGCCAATCTCGTGGTAAAAGTCGTGATATATCGCTGATCTTCGACATAAGTAATGCGCTTGTG	0	0.5227396236891115
seq183	GTTCCTCGATAGCATAAGCGGAGAACACAAGTCCTGAAGACTGGTACTGTTCACGTGTGCTTGTTA	0	0.09874064306871255
seq184	CTGTGAATCGCTGTGTATGTAAGTTTATCCTGCCGTATGATGGCAAAAGGGGGTCCCTGTGAGAAT	1	0.9704254449905834
seq185	CGTATTTCACGCACGATACCTAATAACAGATCACGTGTTCGTATATGGTTGCCATTTTCCTTGCAG	0	0.5818506389489735
seq186	TGTTGAGACGGATTCTGATACCGAATAGACCGAACGCTTGGCTGACCAATGCCACTAAAAAGTCCC	0	0.4322866645643356
seq187	CGGCACAGTACTTATGGACTATACTCATAAATATTAGGGCCACCCAATGAGGACGTGCTTGACCTA	0	0.799440432391414
seq188	GAGATGTGTGCAACACCTCCGCCATGCTTCACGATTATGGATGTATTAAACGGGGGAATACAAAGG	1	0.052163872395800226
seq189	GATATGATTGAACAGTACTCCGGATACTAACAGGAAACAGCGAAGGACATCTTACTGGCACAGGGA	0	0.19436444266763875
seq190	CGTATAATTCCACGAGCGTGAGATTCCTACCTGCGGCGACCCCTGTGACCAGCTTGATCGACTCTG	0	0.8247346258694197
seq191	CTATTAGAGCGAACTAAAAGTGCAGTTCAAGTCACCGGTTGTGCACTATTCCGAGGCGAACGGTCA	0	0.9335289385925798
seq192	CCCCAGCACTTAGCCAAGTCAGCAATTCTCATACTGCTCCTGGGCATAAGTTGTGTCATTCCTCCC	1	0.696536628824336
seq193	CGGGGCGTAAGCCATCCGCATCATGGTTTAGCGGCATCTAGGGTTCGTAGCAAAGAAGTACCGGCA	0	0.5729727132912164
seq194	TCTCTGCTGAACGCAGACTTAGCCCCACGAATAGATATCTATAATCGAGCGAGCATGCGTCAAGGA	0	0.8705018497091245
seq195	GCACACGGGGCTCAAACATAGTATACTCTTTTCTGGCCGCTCGGAGCCCACCCACGAAGACGTTTG	0	0.5344189869612643
seq196	AGATGGAGAGTGTGACTAAATGCTTGTCAATGAGCTTTGATGGTAGGCGCAACTGTCTTCTAGGCA	1	0.8838885282515178
seq197	TGTACGTCCGAACAAATGACGGGCTGAATCAGCGGTTTGCCAGTTTCAGAAGGAAAGCCCCGCTGG	1	0.06872265027254365
seq198	GCAAGGTTTCTTGATGATACTAGGCGCCCAGAATTCTGGAGCGTAACAGATATTTCATATGCATTA	1	0.9198929631447387
seq199	GGAAACACAAGAGGGCACAGCATCCGCACTGGCGAATCTGCACCGTACCATCCAGAAGCAAGAAAT	1	0.9580207436056858
seq200	CTGTGCCTCATGATTACACCGTAACGTCCGGTCGCGGGGCTCTCCTTCCTGCTGATGCTGACACGG	0	0.0498271280470961
seq201	CCAATTCTTTCTGGTCATCGTACTGGTGTTTGAGTATATAAGATAACGCTCGGTGGCGGCTAGTGT	0	0.7581895929664099
seq202	TTATAGTTCCGTTCCATGTCGCTCTAAAGTCATTCACGGTCGAACCGAGCTTATTAGTAATTGACA	0	0.17722641691680574
seq203	GGATAGTTGCATCCCAGGGCATTGATCAGCTCGAGAACTTGGGTCTGTAAGTCGCTCTCGATGTGA	0	0.7467246356081736
seq204	CTGCCTAAACTCCCCTAACCATCTTTGATGACAGATATAAGGTTTGCTAAGTCACAAGCTTATCGC	0	0.26759389686750756
seq205	GACACAGAGCGCTGGAGGTTGAAGAGGCGTTGGTCGGAACTAACCTGGCATTGGCACCGACTTCTC	1	0.1256765045222965
seq206	CATCGGAACGAGACGCTGAAATGTTTCTACTTGAATCCTTCCTACCTAGCAGAAGTCTGGACTGGA	1	0.7380724194403836
seq207	TCGCTACTCATCTGAAGCCACTTAGGTGGTTGACCCTTTTAGATCGAGTTTGAAACATGCCTCCCA	0	0.2515301179202395
seq208	AGCGTTCGCCCAAAAGTTAAATGGCACGTTATTAAGAAGCAAGCCTGGTGAATAGAGAAGCCGGGA	0	0.5706744401144639
seq209	CTGATGGCTCACAGTAAGTATACAAGCGCCGAGAGTATACTTCAGACTTGTTGTCTTACAGACACA	1	0.6400623361090945
seq210	TAGCCATAAGCAGTATGCTAAGAAAGCATTACTATAATAAAAAGCGATTGACACCTTAGTTGTCTT	0	0.4873331007201648
seq211	GGGAAGCCGCCACCCTGCAAACGGCGTGGCATTATGATTTGGGACCGAACGTCGAGCGGTCGAGCT	1	0.9629172421087724
seq212	ATACAATGGGCAGGATTCCCCGGCTTTTCTTAGCGGGCACCCGTCTTCCGGCCTAAGGAGGGCACA	1	0.473524444622609
seq213	TTTGTTCCACTATGGTTCAAGATCGACACGGGCGAGAGGAGACATAAGCCAGAACCGAGAGCATGT	0	0.9510755792690173
seq214	ACGTGGTGCGCTTGGGATGTTCGTTAGTTCACTAGTCTAATAATTCTCGAGAAAACAAACTTCCGA	1	0.8631651990319349
seq215	GTGTTCTATCGGTCGCCAGCCGGGTAAGGAGCCGAGTAAGGACTAATTCCGTGAGACTAATCTTGT	1	0.7584069570219374
seq216	GGTGCCTAAACGTCGAGTTTGACATGATCCAGGCTTGGAGTCTTGACACCTAATTGTATGTGTGGT	1	0.8534966821234118
seq217	TACATGGTAGCCCAGGGATCAGTTAGAGAATCCGTCAGGCGCCAAAGCATCCCTGTGGATGACAAC	0	0.9627228522443166
seq218	GGGGTTACCATGGTTCATTGCCGACATGGAACATTAGTATACGTTTGGGGGGTTGGGGTAGGTTCC	1	0.9853928574013512
seq219	GTCATAGTGGATTATATGTCACGACTCACCTGATGAGCGCCCGGATGTATCGGTTCCGAAACCCAA	0	0.5424025911240321
seq220	AACGGTGGTTCTCATTTGGAGATCCTCCTAGACAGTGTACGCGAGGTAGACGACCTCCAGTCCCAA	1	0.8711671829678258
seq221	TTGCTTCTGCCTTATATATATATGAACCACGATCTGACCATTTTGCGCAGAATCCCTCTGTACGCT	0	0.13626744924520917
seq222	TCCTACAATGGTCGTTTTAACGGGTCGTGGACAATGATAACATTACCGGGAGGGCCTATAGATCTA	1	0.212145567715589
seq223	TAGCGTAGCACATTTTGGGCCATGTTAAGCTTGGCATTGCCGCCGACATCGCATTAAAGTGACTAT	1	0.29446288290669265
seq224	TGCTGTAAGAATTAATGCCGTGACGTCGAATGCGCCTGCCGTACGACGTTAGCCTATTAGCTATTT	0	0.37901738404414553
seq225	CTGTCTGGACCAAGGTCTGTCCTTGGAGGCAAACGAAAGATAGCCTAGCCTAGGGCACCATTTTCC	1	0.4897176792852175
seq226	CCACGAGGGTAAGTTATTTAGACTTATGTGAACTGGATACTACTGTTCCTGGTGGACAGTAATTCA	1	0.6393766736303845
seq227	TGCAACGCGATCATACCGATGAGCCAATTATCCACAAGGTCCGTCGTTGTAGCTTCGTTTGCTATA	1	0.06864231900595641
seq228	TATAAACAGAGACACAATATCTGCAGGTCCCCGAAATGACTGACACGCAGTTGCTTTAAGCTGGAA	1	0.5760899101026846
seq229	CAGGAAAGTTAGTACCCGCGATTAACATTTTCCGTCCGCCGTGAGTGGCGTTCTGTGGTTAGTCCC	0	0.3802844606437309
seq230	CGTATATACAGAAAATAGTTCGTTTTAAGTATCTCGCAGCTTTATGGACTCTATGAATCACAACCG	1	0.5138783487301524
seq231	TTTGCCAGAATATATCTTCGCGACTAGCAGACGGGGATCGCCTATCAAGTCATCCCTTTAATAGTA	0	0.3692888144254275
seq232	CACCTGGTGGCGTCGTCCGGCTTCCCGCGGACCAGAGTATGGAATCAACGCGTAGCCTACGAAACG	0	0.22494796787176818
seq233	CCTCAAATTGTGATGCCAAATGTGAGTTGTTAACATGTGCCATTGGCGGTATAGACTCACCATAAT	0	0.5031978786242077
seq234	AGTGGCCTGCATGAGATTTGAGTTAGAACAATAGGCACTTTTTAAATTTAGACTCTCATTAAATCA	1	0.4116472806963788
seq235	ACGCCAGCTAGCTGTCAGCGACGTAGCCGTTGCGACAGTATGCATTGCGGATTCAAAGTTAGGTGC	1	0.23735421285706637
seq236	GCCTCTCAGACTTCGGACGAATTATGTAGAGTATCGAGCACGTACCAATTGGCAAAAATATTCCAG	0	0.28288146041217854
seq237	CTGTCAGTGCTAGATGTGAGACCTGATCGAACGTGAACGGCTAGGGACAATGCACCGCGACTAGTC	0	0.8563202511533483
seq238	GAATGGCTCGACGGTTGGCGATACGAACACTGAAGACGTAAGAGAATCCACTTTTTACATGACCGT	0	0.20098578731139127
seq239	TTATTCTAGCCTAGTAAAATCAAGCACCGTCGTCGTTAGCATGATTATACGGGACGGTTGACATGG	0	0.948230875064784
seq240	TCTATCGCGTAATCTATTGAAGGGCATATGTCCAAGAGAAATGATTTAGGGCATACTCCCCAAACA	1	0.7612269086601235
seq241	AGCCCTTGGGTTCCTAGTTTAGATGCCGGACTTCATAGTGAGTAGTGAAAGTTCCATGCGGGCGAT	1	0.31370883166538643
seq242	TATTTTTACGTTACTGTTTCTTAAAGGAACGGCTCCCGTAGACGGTGGTCAACCTTTCTCTACGTA	1	0.897667622468701
seq243	AAAGACTTATTCACGAGACGGCCTTGCAAGTTCACGAGGCTCACGGTTTAATAAGATGGATGGCCT	1	0.7385010437599195
seq244	TTCTGTGGAAACCAGTTCGCCCAATCTAGAGTTTGGCGTGTCTCGGACGAATATAGGACAAGACTA	1	0.7395415511834608
seq245	AAAGACTGAGCAGACAATGGGCGCGAGAGGATTGCGATCGCGCGTAATTTAAAAGCCAGTTTAACA	1	0.2723938636681039
seq246	GTTGATTAGCCCCAGGTCACCCGCAATAACACCAGGAGGAACCCCCTACGAGTCACCGGTCCCCCC	0	0.20626895359503505
seq247	GGAAAGGGGGCATAAAGCGCTGCTTATCTCGTCCCTGCTGGAATATGATGTCAGATCGACGCCCAC	1	0.5266733512566844
seq248	TGTAGGGGACGTAGCAACACGGCGCATCCGGTGCCTACGCATGTCGCATTACTAGTAAATCGGCGG	0	0.9879053592074906
seq249	CATTGTATCAGGATTCGTAGACGTAGAATCCCTCACTTGCACTAACTGCCGCCTCGGATGGCTGCA	0	0.3221203061097292
seq250	GTGTTGTCACTTTATTGTCGAGGTTTTCTCCCAGGCTTTTGTAGTTCGTATACACCTCCTGCTTGT	0	0.31071754749575076
seq251	GTTGGCCTGTATGAGGGTCGAATTGGTACCAGATCCACTGACCCGCATATAGCATCTACGCTCCCA	1	0.5197692563199379
seq252	CGATAGACACGACCCGCATAACGTAGGACCCGCAGGGTCAAAGTTCATAGCTAAGGCATAGCTGCC	1	0.24016296518262947
seq253	CTATGTCGTGAGAGACGCTCTGCTCGAACCCACGTCCTGTTCGTTGTTAGTAACGCTTCATAGGTT	1	0.9969779665491061
seq254	ACAAATGCGGGAGTTAAGTTCTATGATACTGTAAGACGCTGTATTATTAGCCTTGCCCCCAGGCGG	1	0.6955682553016245
seq255	CCCACATCCACTTCAATACGACTTGCTCGTCGCGGTCCGTTCCAGGGGGACCCCAGATCTCACAGG	1	0.3255852392240235
seq256	AATCACGCGTATATATTGCTATCATGACCATTTCTTCCCCATGTTAAAATAATCGGAGCAATGCTT	0	0.2322196943593693
seq257	TCATGAAAGCGGCTCTATCCGGAGACACAGCCATCACAATAGCTCCTCGAGTAATTTACTTAGCGG	0	0.9626607202272194
seq258	GCTGGGTAACAGTGCGGGCGGCTAAGAACCGTCAGCCGGACCACTGGCCACGCTATTTTCGTGATA	1	0.6738728398555848
seq259	GAGTAAAAGACAGCGCAGAATTAAATTTTACCCCTCCCGGCAGCCCGTCGCATAGATGGTTCTTGC	0	0.7433532471498268
seq260	GTTGGCGTACGCATTGACTCCCATAAAGGCCACAATCTCAAGCTTTTGTCCAATAATCATGTGAGC	1	0.16509098024481828
seq261	GTGACTGTATAACCATGAGATCTCCTTTTTGGGTACACTGTATGGCGTGTAGACGACCCATATATA	1	0.609267768892314
seq262	GAAGTAGTTTTGGTCAACTTTTTTTTTGAGTGACGTTTTTGACTTGAGTGCGCAAGACCAAATACT	0	0.4454437166130315
seq263	CATGATATCTGCTCGACACGACCAGTAGCAGACTATGTTGGAGACATGGGAAGGTCAGTATTCCCT	1	0.39396213214052755
seq264	GACTCGAATTGATGATTGACAATCGCTCTAAGAGGTTTCTGACTATCTGAGACTATGACAGTCCGT	1	0.4325651463280695
seq265	ACCGCCTAGTGAGACATTCAAGTGCTCCTTCCTATAAAATTCCCGACCCCAAATTGCTCCTGTCGC	0	0.5731598466440202
seq266	TTGTATTTTCATGACGGCGGGCCGAGCATAGGGTGGGCTTTGAGGAACCTCCTACCAATTTTGAGC	0	0.8993127745200642
seq267	AATATGGCTCCGGATTCTAAGTGGCACTCTAGCCATATTGAGAGCACGTATGCCCACTGGGGAAAA	0	0.284718251855238
seq268	CTGCTATTTACAAATTCAATTACCTGGATCGTCAAGGTGTGACTCATGGTTTGTGACGAGCGGCGA	0	0.4453100218910816
seq269	CAAATGATAACATAGGGAAGCATCCCAAAATTTGACATGCTCACAGACTTGAATTTTGTATGACCC	0	0.7618971656035515
seq270	CAGACCATCTTTGTCGGGCTTGCGATTGATGAGGTTGTGGATGCCCTAGCTTCACGACTCGACCTG	0	0.24085443717863209
seq271	ACACTTTTTTCTCGCACTGGTATACTGCGATACCATCTGTTCGTGAGGTGTTGTCGACTTGTAATA	0	0.34838776930261595
seq272	AGTTTGCAATGATTTCATCGCACATAGTTCGACTCGGTTGCTACTCGACCGATTTACTTCCGAATG	1	0.28942660995565583
seq273	GAGATATGGCGGCACATCTAGCCAGTCTGCGTGGGTATCCGCTTTGCGTACTGCCACTAGGAAGGC	1	0.7117277445614988
seq274	AAGCACCGGGGTCATATACAGACGAGAATAAGCGAGTTATAGCGAGCGAGTCCGAACCGATAACGG	1	0.7732035603092742
seq275	GTCCTTGCACTAGGCAATTAGTTTGTCCCCGCAGAGAAAAGCAACATGGCGAACTTCACGGGGGGT	0	0.7106335173954368
seq276	CGGCTATACTGTTGGTAACGTTCGCCATATTGCAAGTTGGGCATTCCATCATGCACTGGGGCTACT	0	0.8071969440809437
seq277	GTTACATCACCAAGCCGATATCCACGTTTTCGAGAGGTTTATCCGGACACCACTTCCTAGGTGTAG	0	0.63313220305257
seq278	GATCGTGTGTCGGCATGCTTGTCCCCATATGCCGATTGGCCACTTCTTTAACTCGACGTGAACCGT	1	0.8272275414889221
seq279	CAGTTTTTGAGGTATTTCGACCCTACTCCCGACACGAACTACATACCACCCGATCTCACGATCGGT	0	0.3802131824573658
seq280	CATGCGTTCCATAGCTGGAGGAATAGCTCGATTAGAAGCCGAACCCAAGAACCTAAGCATACTAGC	0	0.037415003025116245
seq281	TCGACCCGCCCTTAGTACGTAAAAACATAGCTGAGTAACGCTAGCAATAATTAGTTGACAATCATC	1	0.07136492281463003
seq282	TGCCCTGCCGTTACCGCAATAGGTTGCACCTAGTTAAAGCGCCATCCGATCAGTCCTCAGGTGCGC	0	0.37213753608008726
seq283	GGCTGCGTGACAAGCCTGTCTGTTGTTGCCTAATGGGTCCTAGTCCGTCGTACCAGATCCTATTGC	1	0.530872320306511
seq284	CCGTATGACACAGGAGGATCGTCCTTACCCACAAAAACTTCAACTTAGTAAACCCATACACACGTT	1	0.06698228796948291
seq285	GGCTTTGGAACGGCCTTGCAAGCACAAAGTAGGGTCGCTACTGAGCCCTCTCAGCCTGACTATGAC	1	0.6168595896622197
seq286	TGTATGCAAACGGGATCCCAAACGCACGATAAAGTAGTCGCACCCTCGTTTTAGGCGATACGCTGA	0	0.159252350378008
seq287	GAAGTGTGGCGTGAAAATATGACTTAGTTGATCTGATCACTCGAAGCAACGCTGCCGCAATCTCAG	1	0.08355997991456698
seq288	CTACCATAGGGATTGCCTGTGTGATACCCTCAAATGGATGAGCCGCGCCGTGAACGTTATAGGTGC	1	0.23362009392049032
seq289	GAAATAATTTACCAAGTACCTCCATATACAAGATGATCGTAGTTAACTATGGGGGAACCCCATGTA	0	0.5439409802136725
seq290	GTGTTAAATGGCGGACTTCCGATTTCACGGGCGGATTTCATTACAAAACGTCGCAACGGCCACCCG	0	0.11422434382979496
seq291	TCCATATAGACAGTATTGATGTAGTGTCGGGTGAGTCCAGAACATGATATCACCTATAGAATTACT	1	0.19265872293462827
seq292	AGATTTAATCCGAACTAAATTGCCCTACAGGTCCAGTTAACTGCATTACCACAGCTAGTGAAAGGG	1	0.5465050399879484
seq293	AATAAATTCGGCGACGTTAGGCAAAGAAATTCACGGTTATCACCAGCCCCGCGGTCATTTCTTCAG	0	0.9111137949110026
seq294	TTAGAGCGAGTGTAGTAAAATCTGGCGATAATCTCTATCCCCGCGATTCGGCTGTTGGTGCTGCTG	1	0.9989079816692671
seq295	CCCACTATGAATAGTGGATCCACAATCCATTAAGTAGGGGTACATTCGGTATCATCCATACAAAAC	1	0.3072424110969767
seq296	GGCCTCAGCACTCACAGCTAGACGAATAACGGTATGTAGTTGTTTAGGTGAAATCCTTGGTGATAC	0	0.5763040739399612
seq297	GGACAAATCGTTGGTATGGGGTTGCAACCTTCTCTCTCGATATGGGGGAGCTTCAAGAATAACCGG	0	0.3901921779060482
seq298	GGTGAGACATCCATGTAACTACGCTCAATCACCCGTGCGCCAGAACCTGGTAGCCGTCCCTTCTCC	1	0.6578446796052428
seq299	TAGTATAGCTCACGTGTTACGCGACCGAGGCCATGACCGCTGCAGCACGCGTCCATAGCTCAATGC	1	0.39632178237507143
seq300	AATGAATGGAGGAGACACTGATAGTAGAAATTCCAGGCACGCGCTCTCGCCCCCAACTATAGGTAA	0	0.15720154882159887
seq301	AAGCTTGTACCTAATCCATGAATCCAGCATGACTCAGTATGATATGACAGAGTGGATAACTTGACG	1	0.9082220447368884
seq302	GCGTTTGGTGAGAGGTTAGCCAGCGGAGAAGGATTGGTCACCGTAAGAAGACTCCAAAGACCGCGA	0	0.3401888354066501
seq303	AGGTGCAACATACGGGTACTCTGCCCCGACTTTGACGCCCCCTCAAAGCGTTCCTTTAGACCGAAT	0	0.7024370889817628
seq304	TCAGTATATTTTCTAAACAGGTCTTGTCGGGACCGAGCTATGATGAAATAGTATGGCATGTTAACC	0	0.10614915443574346
seq305	CAAACTCTTCAGCCATCTAGGCTCGAGGTCAGCCTAAGCGTCGTTCTTGTATCGCAGGTCTTGAGC	1	0.5704254023379723
seq306	GCATAGTCCGCGAGACACGCTGTTGAAACCGTGCCGCGTTCTTGTCCCGTATAGTTCAACGAACGT	1	0.24813516733077767
seq307	ACTTCTAGTACTTCGAGAAATACTCATAGGTCTCGAATGGGCACTTTGCACATATAACCCACTTGC	1	0.2747224317017771
seq308	CTGTAGTATGCTCCGATCCACTACAGGAGTATCAACTGACTGTACCTTACCACGGCTTCTCGACAG	1	0.20616040059961216
seq309	GCATAGCACGACCTCCTCGAGTTGCCATATTGTACGGTTAAACTTTTCGCTCAGGCTCGGACAGCA	1	0.2190028276438415
seq310	GGGAGGGAGCTTGAGGGACTCATTGAAAAGGGACGTGCGTTGATTGGGCCGTTGGAGGCTCTCCCA	0	0.7759436397407511
seq311	CAGTAGGGCTAGTCCCCACAAATCGAGAGATATCTCTGGGGGAGTCCGGTGGTTTAAGGAGGGATG	1	0.45529755068811073
seq312	TCTTGTTGTTCAATAACGTATACGTACGCATTTCTGAGCCAAAAAATGAGGGTAGTCCGCGAACGT	0	0.332791882990665
seq313	CGCCATTGTTATCTGAGTAGGTGCATCAAAGATAACGTTATAAGGCCAAGCATTCGTACTATTCCC	0	0.20685979777006436
seq314	TAGCCGCTTATTCACCTCAATGACGGGTTAGCCCTCGTAGTCGAGTATTCGAGTAGTTCTAACCCG	0	0.8001206507962781
seq315	CCCCTAAGAGAAAAATGTCTTTCCGACCGCCAGACTTGTCCACGAAAAACTTACGCGGGCGGACGC	0	0.11507026607954007
seq316	CGCGTGATGGACAGAGTCAGCTGAAAGCCCCATTTAGACAATCTGTTGGACGGACGTAGGAGATTA	0	0.5489096178181666
seq317	AACGTGAATTGGCAGTTCTGTGTCTGTAACTGATTCAGCGAGCTGACCTTCTCTCCTAACGTGTTA	1	0.6027244454177009
seq318	CAGATGTAGTCCTGGGTACCAGGACTTACCTGGCTAGGCGAGTAAATAGACACCATGCACGGCTTA	1	0.44181456684706655
seq319	CGATCGCGTGAATCTCCGATCCGAGGCTGTGCCTGAATGCGCCCACTTCCCGAGTAGAATGAGAGG	0	0.4934029328928413
seq320	GCAGGACACCAAATCTAAGCCCTGCCTTGTGTGCTCCCAATTCGGAATCTTCTTAGCCGAAGTCCA	1	0.8705996196002977
seq321	ACGTCGATACCGTTCTATAGTTCGACAGATTGATTGAAGCCGACGAGAGGTGACGACTCTTCGGTC	1	0.5378722297714087
seq322	TATACAAACGCTTTCGTGGAGACCGAACAAGCGGGGTTACTTCGATCACGGAAATACGAGCAGCCC	0	0.29859589152625177
seq323	GATGAAACTGTTTATGCTCCGAACAAGAACTCGGGCATAGACGGAAACGAATCTGGACCTATTTAA	0	0.7611187939544448
seq324	TTGGCTTTTATTTCTGAGGCCGGCTGACTTAGAGGGGGGGTGTAGCGCGGCATGCCGACAGACCCT	1	0.4484881412296209
seq325	ACCCCTTCTAGTGCTGTATGTCATCCCAGTAAGAAGAGGGGGCGGGCATTCAGAGGCGAGCCCCAT	0	0.19498572934224034
seq326	CCGGGCCCGCGTGCCACTCGGGTTTTCTTAGGTTCGGACATCCTGTAGAAATATAGTAGGCTCGGC	0	0.794006009315007
seq327	AGACTCACGCCCGGAAGAAACGACGGCTTTGATGCTTGGCGAATGCATTCACATCGCTTACGTGCC	0	0.7576303296282307
seq328	CCTGATAGTGGCACAGCTTATATTTAGGTGAGAAAACTATACCTCCCCTTTGGTCAAACCAAAGGT	0	0.31387712527482003
seq329	CGCGAGTAACTGAGGTCCGGCGCATTAGTTGATACCTTATTCCAAAGGTCTTGAGGACAATCACGG	0	0.2543234064302786
seq330	GACGGGTTTGTGGTTATGACCCCTGATATCTGCCATTCTGGTAAGAATGGGCTAAAGCCTTACGCG	1	0.3369085398680127
seq331	CAAAAACGCCCTCCCACCCGGTTGCTAGATAGCGGTTGACGTCGTAAATCTGGTCCATCACAGCGA	1	0.4438763045786226
seq332	TTACGAAGGCCCAGGTGGCGAGCGGTTATCTTTATGTCTACATGCCAGCGCTAAGGTCTGGGTTAC	1	0.9262886843648523
seq333	TACAGTTCGGAGCAGTCGTACTACGTGCCAGGCACGACCAAGTTACCGATATTACTACATTGAACT	0	0.8997138295782131
seq334	CAAGCATTGAGGTTCTTGCGCCGACGATAACGCAGACAAACCGATATTCCCGGCCGGTACACACTC	0	0.12465022236653411
seq335	GAACGGAGGCGATATAAGGGAACGAACTAAACGGTCGGTTCGGGGCACCCGGGAGGAAATATTAAA	0	0.01339049005843973
seq336	TCTTCTGCCTTAGTGTAATTATAGGCATGTTCACGGTGCCGAAGAGCGTCTGGGCTTATTGGGGTG	1	0.615763646267045
seq337	TTCCTTGGATCTAGGTGAGCGTGGGGCTTAAAAGACTCGCAAGTAACAGCTTTCTTAAATCAAATC	0	0.7958181041529873
seq338	TGCGGCTCAGCTAGCAGCGAGCATAGATATGAAGGCCCAATTAGAGCTTTAGGCCCGTAAGCGATC	0	0.3223502328257706
seq339	GGTGGGCTGTCTCGACCTTTACATGAGTTATAGATATAGCTATCTATCGGGAACAGCTTATCGATT	0	0.810645636362195
seq340	CAGGGCTAGGTCACACTCCTGCTTATAAGAAGTTCTGCTCCTTTCGGCGAACATCTGTGATTGGAC	1	0.5982930759438988
seq341	CCGTGTCAGATGGAACGCACTCGACACCGTCTCAGGGACATTTAAACGTGAACCTAGCAAGACAGT	1	0.2057452033971463
seq342	AAACAGTCGGGTTACCTCTACGGAACTGCAGATAAACCGATAGGTGCTGAGCTTTAAATGTTTGGA	1	0.8950473039628163
seq343	TCGGAGCAAGTGTTCGTTCTAGCCCAAATCTAGTGATGCGTGTACGCCTAGACAGTCTTTATTACT	1	0.29518883371455984
seq344	GTTAGGGTCCAAGCGCGATGGTGTTAGCAGATGTGGTTGGTAACGGCTGGCTTCTGCGTTTCGATG	1	0.6823909505933087
seq345	TACCTCAGGTTCTCTACTGGCCGACCCATTGTTATCGTTTCATACGTATCGTTCTATCCATATTTC	1	0.1308323628395337
seq346	TTCCCGCGTTTCCGTACAGACGCTTTAAAACACCAGAACTGTGTTGTTTCATTTCTAACCTACGGT	0	0.09050536431213696
seq347	ACACAACCCAAGAAGACTCACTCGTCGAATGCGGCGGCGGCATGTACGAGCGGTCTGGTCAATTAC	0	0.9938230313575463
seq348	TCTGCGACGATTGGCACCCCCTACGCAAGTTTATTCGGACTCAACGAGTTTAGCCATTGTCACACT	0	0.9524848434541048
seq349	TGGAAGAAGGGTAGGGAAAGCCTACCCACGAATGCGCCACCGAGCTGTCACGAGGCATTTGCTGTC	0	0.5899436429482486
seq350	GATGCGCCAGGGGGCATCACCGCAGCATTAGAAGAGACAAAGAAAAATCGGAGTCTCTCACCAGCC	0	0.3780994613864278
seq351	GGCAAACAGTTCTCATCGTTCACATTAACAAGGGCTGATGCTATAACTCGTGTAGCTGATCGATCG	1	0.14076433493669227
seq352	ATGCTTACTATCTCGGGTACAACTTATTCTCCCTCAGAATTGGCGAGGGGTTAACGTTACTTACTG	1	0.8688393564212952
seq353	TAAATTGGGTTCCGACGGTGAAGTCTCAGCCTACCCCTTACGTGGTCCTCGGCGTGGGGGGCGCCC	1	0.530620159100279
seq354	CTTGTTACACAATCTCCGTCTGCTACGCCCGAGCCCGTTTTCTAGGCATGATAAGTTTGTTTAAAA	0	0.7504593949763972
seq355	CTGCCGCTATTAGTTCAACCTCAACGCGCCTGCAAAGGAGGCCGAAGCTAACCCTTAAGATACCAC	1	0.8352808856673035
seq356	CTAGCTACGGGCAACATTAGCAGAGTGACAACATTCGCGTGAGATTTCTCGGGGTGAAGTGGTAGG	0	0.49705203156098077
seq357	TGCGGAACCGTATACTCATAATACCACCGGGATTAATCCGTCGTTTTTACTTACCAAACAAACATA	0	0.8247092288199275
seq358	TACGCCAGGAACAGGCAGTAGTAGCCACCTTTACAGAGTGCGGCTCTAAGTTTCGCGACAGAGTGG	0	0.6079326860875586
seq359	AATATTGCGTTCGATCAACGCATATTGACAGGTGACCACATCTACGCCAGGAAACGGGTCGTCCTG	1	0.9002117425302748
seq360	TAACAATCCTGGATTCTATTGAAAGGCAGTCACTGTCGAGATCGCTTCGACTCTGCATCAGTCGGT	1	0.37736626180613553
seq361	GTGTAAACCGCCGAGTCAACATGGGAATCAGTAGCGGTACGCGTGGCATAATTGCCGATAGGGGGG	0	0.311897618466043
seq362	TATTCCCCAAGGTTTCTATGAGGCCTCTAATGCAGAATAATCTCGCCCGATTACGCGTTCAACGCT	1	0.7276515515453599
seq363	GAGTGCCGGAGACGACCCTCCTGACTATATAGTCATTCTCGAATTGCATGAAAAATTGTGATCTAA	1	0.7043606865662022
seq364	CCCACGTATGCGGTCCACGCCGACCAGGACTGCGGGGTGAGATCGTGTGTGGGGGTGCAGCTGTCC	1	0.3683637020565034
seq365	GTTATGGACCAGCCTAGCCCGAGTGGGACGTGACAGGCGTGTGAGACTATCCGGGCCACAACTTTC	0	0.7494395336461089
seq366	GACAATTAGTGGGAGTTCAGCGCCATTGCCTCTAGACAGTAGTGATCCGCCGGACCGATATGGACA	1	0.6931955812817575
seq367	TCGCAGAAATGTCGGGGTGTCATGCCGCGGGGTACCCCATGCGGACTTGCGTGCGTGCAAGTGACT	1	0.6788261584401372
seq368	CCGGCTCAACCCTATGTCCTCTAGTGCCACTACAGTATGTTACCAATTCTGGCCGTTCATCTTGTA	1	0.9926118084832931
seq369	TCGGCCGCAAGAATCCGCGCTGAACTAGAATATTGACGGGCAGTTGTAGTAGATCTACCCCCGGGA	0	0.5352504081789179
seq370	GGGTTACATTTGCACCTAAGTGCCGAGTCCAATCGGGGTGCCGACGACGATCTAGCTACGTGAAAC	0	0.5981878911667712
seq371	GCTAAGGCAGGTTATAAAAGGGCTGCTCTGAACGTCTAATCAAGCAGGGAGGCAAAGAGCGTCCAC	1	0.45178753804880734
seq372	TCTCAAGCCGAAGGAGAACTGGGGTTCCGCGCTTGACCCAACTTTTGCGGACCCGTGGGCTCCACC	1	0.3429683584379184
seq373	GCTAAGGACTACACCTCCCAACGTGTTTACGAATAGGAAAAACGCGCAATCCCTGTGTCATAGATC	1	0.2637680326390289
seq374	CTTTACAAAAGAGAGTGTAAGGTGATATGGGATTACCCCAGACTTGGGAAGGGCGATAAAGAAGGC	0	0.8526368804071361
seq375	CTAAAGGCAGCGATGGGGTGTCCTTCGTTATATGGCCTCAAGCCCGCAGGTAGGCGTTCCAGGCAT	1	0.9292205236554301
seq376	GATAGCCACTGCGACGTATCAGAAAGGATGCCAACCATATGCGTAACGGTTGTTTGGAGTTGAGCT	0	0.07661739797132983
seq377	TGCTAGTTGCCCATGCCGACACCGACACGCTCCTTTCATCGGCGGACGGCGAGACACCCTACACTT	1	0.8858343475081898
seq378	CTAGGGATGTCTCGCCATTTATTTAAGAAACGGTATCGCGGTAGCTAGTGCCCATTCAAAAACGTT	0	0.6634650369133316
seq379	TGGTCCCCGGACGCAAAAAGGACACTATAGTCGAGTGGGAATAAGGCCCGTCGAGTAGGCACAGAG	0	0.004817628621348158
seq380	TGTCACGCGCCTTCCATAGTGTATGAGAGTTCTACGCCGTGCAAGAATTAATAGGATACGAGTATA	1	0.20058589552885353
seq381	TGTAAAGGCCATTGAGTTGCTAGAACAGTAGTTGCTGTGCAAAAACGCTCGCTTACTGCTCCGGTC	0	0.6804916089374216
seq382	ACGTTGCAGCCAGAGTGCCCTGTGCACAGCTCATTTTTTCGGCATCCAGAGTGTCTATTAGAAATG	1	0.279991038705937
seq383	CGTTAAGGGAGTTCAAGGCTGGGCCAAGCACTCCATATTGGGAGATGCTCGTCCGAGGTCGTTGCA	0	0.7082791801983718
seq384	CGAAATGGGATCCCAAAACCAACAGGTTTGTGTAAAGAACTATGTGCGGAAGACGGGAGGCGAGCC	1	0.7157095856404074
seq385	GAGGGCATCGGTCCATTACACCTCCGGACCTGCTTTCTGTTGCCCGCGTCAACAACCCACCACTAG	1	0.15906711766926973
seq386	AACGTCCGACACAAGCATTCGGGCCTGCCGTCCACAAAAACAGTGTCCCCCACAGCGGCCCAATTA	0	0.9518227587007667
seq387	GGATTCCTCCTCCCGGTATAGTATCTCTCAACAAGATTACAACTGAGACGTCCATTGCCCCTAGCA	0	0.9997754095897
seq388	CCTATGTATACCTATCGGCAATCCGGGAAGGAGCCCATAGACCCTTGGGGCGGCCTACCTTAAAAC	1	0.41284200192132436
seq389	CTTTAACCGTCGGACCTCACTTAGCTTGACGATATTTGCACCGTTAAGTCTCTCGGGGCAAGAAGA	1	0.07039241429740428
seq390	CACAGCGTCCAAGGTGCCAGACTGGTGATTAAAGGTGTGGCTTGGCGCCTACAGATTTTGAGAGTC	1	0.5135611240764842
seq391	ATACCTAATTAACATAGTAGATCTCGGATGGTAGAAAGCAAGAGAACAAAAGGATGTTACTACCCC	0	0.34668952290958766
seq392	TTTCTTCCCAAGGGCTCGGGGAGAGCGTCCTTCGAGCCGCTAAAGGGGGAAGGTTTAGAAAACAGA	1	0.27936719321179293
seq393	GCGTAAATCCCTAAATTCGCGCCCTAACCTGGACCTTCCGAAAGTCATAGGGCTGGTCATTCCGTC	1	0.15458618926185463
seq394	ACCGAATAACAACCATGTGTATGGTCCTCACTGATTTCAGGTCCATCCTCATAAGAAGGTCATATC	0	0.6863036671755236
seq395	CTCCGACCTCACATAATGTCCAGTGACATACCCGTCTACACGCAGGCAGCTTGTTGCTCAAACGAC	1	0.6969235599327784
seq396	CGATATCCTAAAGCAAAAGAAGGGATACTCCACTAGTGCCAGCTAAAGACCTGCTAGCTGGACGCG	0	0.32026168272793876
seq397	GCGGAGGACCACCGAATCCTGACTCCGATTGTTTTTCGGGAGTTGTCTACTATGGCTTCGAGGCGA	0	0.4203138650385073
seq398	AGCCGGGCACGGAAGACGTGTATGCTTTTGTCCCCGCGATGCGGGTAATCCTAAAAACGTCGGAAG	0	0.8429445937760988
seq399	AGTTTCTTTGGGATTTCTCTGGAATGACATACTATCACAACCCTGTCATTTGCTGCACCCGCTCAG	1	0.7713112121836297
seq400	CGGTCTGGTAGCCAGATTTCTGAGCGTGCAGCGTCTTGACCATCTAGCACTGCTTGCTACCATTCG	1	0.9654585546127947
seq401	CGGCGACAACAAGCTCAGCATCGAAGGCGAGGTCCACCGTTGGCGCCGTAGAGTAATTTCCTATCC	0	0.42557116199854306
seq402	GCCAGCACCCTGTATTATCTTCTTCGGCTAGCCGTTTACTTTGTGGTGACATCTATAACTCATAAG	0	0.237142367998873
seq403	AGCTACGGAGGGATGGTCACGTATTCAACTGGAGGCAGAATCGCTCCTACCTTAATTCTCAATGTT	0	0.6480832611611731
seq404	AGCAATAGGATGTGTATGACCTATGTCAGATTATTCTTAGCGCGTATGTTCCTGCACAGAGCCGTC	1	0.027777496032411197
seq405	GTTCCACGGTTGGCTCCGTAGCTCGCAGCACACGCTGTACTCCCGAGTCAAATGCTCATGGGCTCA	1	0.6418599008929833
seq406	GTGCCCACAATGCCTAGTAACGTAAGATCGGCCGTAGCGCTGAAGTTATCGGCTCTATACTTGGTG	0	0.12930860118741705
seq407	GAAGATGGATGTTTCGATCCACCCAATCGGCACCCCCGGTGAGGCACGTTAATATACCGAAGTGAC	1	0.05264006727249426
seq408	CTTTTGGCAGTGCTACGGACTGGCACATTGTAACAGGTTCGACTCTGCGACCAAACCGGTGGGAGC	0	0.4003509405909922
seq409	CCCCGCATCCGGGAGGCGAAGGAATGCGTAGTTGTTTGCTCAGCTCGAGAGCTGTAGCCTTATAGG	1	0.9563403720064876
seq410	CATGAGACGGACAGTTGTCAACCGGTAAGCGGGTAACTGGGGGAGCGAGCACTTGTTATCACCAAT	0	0.2678965815018408
seq411	GATCCACTTGAGCGCAGAGGCTTGGTCTATCTAGTAAAAATCGCGACTTAAAGGCCACGTCCACCA	1	0.28668077602495756
seq412	CTCTGATGTCCCTCCCGAACTGATAACTGTGCAGGGCTACCGACAAGCATCATGTTCCGCTTTTTT	0	0.02744373847071324
seq413	AAGATAAAGGCACACGCGTTAGAATTTTTGCTGAAGAGAGATGAAATCGAGGGTCAGGCCCAACGG	1	0.391302808212293
seq414	TTGCGCAACACCTCTAGAGAAAGGTTCCAGTGATCTAGGAACTGGCATGGGGGCTACACTACCGAC	0	0.22159175998162117
seq415	CCTGCTCTTCAGCGTGGTGAGATCTGTGCACCTTTATCGGTAATCAAGGGAGAACCCTGGCATCGA	0	0.537488357853112
seq416	CGTGTAGCTCCCACTAATTGGCCGAAGAACAACCGAAGGGGCGGCGCTATATTAACGGGTCTGTTG	1	0.5696327759860725
seq417	GATTTTACGGACTGGGAGAACCTCGCTCTGGGCCCATAATGAGCAGCATATCTGAGGACGGAGATC	0	0.6121805056225577
seq418	CCGAGCAGACGTAAGAACGTTTAGCCAGCGCGTTTCGTGAGTGTATATTTTTACGCTTAAAATCAG	1	0.9537252108867594
seq419	CCCAAGAGGTATAGCCGACGTGACAATTCAAGCGTAATGTCGAATTGCCATAGTGGTGAGATACCG	1	0.3769781640542236
seq420	GATGCTTCTTCCCGGCTACTATCGCTGGGCGCCTCTAAAGAGGGGTATGCCATAAGTTACTTGGGT	0	0.08757130463128437
seq421	CGCCTCTATTGGTGTCCGGATAGGAAACGAACAGGTTTCTTTGTTCAGGGTATCAACAGGCCGTCT	0	0.38232462303827053
seq422	GCTAACTTCCTGCGGCCTCTTGAGTTGAAAGAGATACTTTCTCGACAAAACACTGCCAAGGAGGTA	0	0.5401940813090998
seq423	AGGTTGCCTTTTCAGACACCTACCATTATGGTGCCGACACTTCATGAGAGGTCCTGGAGATGATCC	0	0.3758493947482492
seq424	TGTTACCGCGGTTTCGAGGATCAATCACTATAATCCCACATTTCTGTGTTGTTAGAGCTTCTTAAA	1	0.6535509588840399
seq425	AAAACGGGATAAGGTTGCATTTAGACACCGGGGTAGCACGGGTCAAGATCCAATATCGGCAAGAAG	0	0.7908091416452511
seq426	ACGAACCGCGATTGATGGCCCAGGCAGCAATTTATATGCAGTTCCAGGGTGTCGGTCGACAAATAC	0	0.4279412640696333
seq427	AATGATGCCCCCGTCAGATGTAGCAGTCAATCCACCAGCCATCACCGCAACATGCCATGCCCTATG	1	0.8581525193585606
seq428	GTCTTCATGATTAGCATGCGCATAGGATTGACTTCCACCAGGTTACGTCCCTCCGTATGACCCTGC	0	0.45171312418568565
seq429	CATAGGTCTTGGATAGCTCTGCATCTGCAGCAGCCGCTGGAGGATTCAACTGGGAGTAGACACTGG	0	0.44484378628669086
seq430	GAGCCCAACCCTGCCCTTCTTGCCAATGTGGGCCTCCTTGCATGTGCTCAGTGTAATTTAGGTCGA	1	0.9906061219521367
seq431	GAGGTCACTACAGCGCTGCCCACTACGAAGAAGCAATGCCATACTTAAGTTATGGCAGGGGCGATG	1	0.15074471294888958
seq432	GGACGCAGAGCTGGTTCTGACAGTACCGGCCCTCTTTGGGAAGTGATAGTCGCAAGTTATATTTCA	0	0.9154768563615576
seq433	AGACCAATATCGAAAGCGTTCTTGTAGGGGCTGGAAGGACCACCCACGATTAACCATTTTTCAGTG	0	0.700410573426531
seq434	TTCTGCAGTGCCGAGGCTATAGACGGTTGCAGATGCGGCAACGGTACCAATTCCAGCGCGTAACCT	0	0.7476613410186642
seq435	TGACAGAGGTCAAAATGTTCCCTACTTCTTTTACCAGTGTGGATCGGAAATTCAATTCTAGTACTT	1	0.37757888997860867
seq436	ATCTCAGGCGGGCGCAGGGCCCCTGTTGGACGCGGAGTGGTATCAATCGCACTATCTGTGTAATCA	1	0.8979276659983276
seq437	GGAAAAGAGGCGTTAAACGTTATCGCGTGACAAGCTCCCTAGTCGATCGTATTACTCCTTAGACTT	0	0.9874303635274957
seq438	GGATAGGAGGAATGCGTCATAATATGTGACTCATACCAAGACTATGCCCATTCCGCGTGCGCGGCG	1	0.18193523995185235
seq439	CCCCTGCACACAGCAAATGGCCCAAGCCATAAAGTTAGGCGTGCTCATTTCTAAACCTATATCTGA	1	0.6321389002184913
seq440	GCGGCGTGACCGTACTTAATCAATCATAGCAGCCTGACTTATGCTTGCCAATAGTTCGGAAGTTAT	0	0.26658938173473434
seq441	TCACTTTCCGGTCGCGAGATTAAACGTCCCGTGCAATCATGCCGCTGTATGACACATGGAGGGCAC	1	0.3926116329093927
seq442	TCCCTTATTGAAATCAGCCTGCTACTAGAAATCGTGAGGCCGGCAATCTCAAAAAGGTGCTATTTC	0	0.5641916720703214
seq443	TGTAGAACTTCTGACCCCGCTGGTCATAGGCTATCGTTGAAACAGTTTATCTTGAGGAAGATTCGG	0	0.132884422567776
seq444	TATCACCCATTGCAAGAGGAACTCAGAGTAGCGTTGCTGGGAGATAACCTAGTACGTCTTTACATA	0	0.2317876426727864
seq445	ACCTTCCTTATTGTGGTCTCGATATCTCCGCTGGGATGCGCGCGAGCATGCTCTGGTGTAGTCCAT	0	0.5121116880727151
seq446	AGTATAATGTACGTTGGCGCGTCGTCAGGATCGTTTCATAACAGCGGCAATATACAGGTTTTGTTA	0	0.18473049940762465
seq447	GTCAGTCGGAGGAGAGCGAGCGTGCATTTTTCCGGTTCGCGACCGACCTAAGGCAACCGCCTCTAT	1	0.9900812109989071
seq448	ATCACGAAGGGCGACATTCAGGAGTTTAGCTCGACGGTCGCAAGGGCGAAGCGTTCGAGCAAACTG	1	0.26662957150930844
seq449	TGTCATGCTAATTCTAGTCCCATGTATACGCCATGGGCGACGCGGAGCACGCTATCCTATTCGGAG	1	0.15875562167342172
seq450	CCTAATGGCGCGGCCACATATTTCCGATGGTCACACTCTTAGGGGCCAGAGATCGGCGCCCGAACA	0	0.988154110189818
seq451	GTATTAAACCCATATTATAGGTCTGATAATCCGTCTACGGAGATGAAGCATGGACGGGAATGGCGG	0	0.9010608402899294
seq452	TCGGACAAATCTTTTGACAGAATGTATTTGTAAGCCCTAAGTAACACTAGTTCGGTAGAGCTAGGG	0	0.27887954353988953
seq453	CGGACGATCGTATATCCAGATTTGCGGTCCTTTAGATTCACGCTAAAACGCGTCCGCAATTTATGC	0	0.06181256034426352
seq454	GGAACACTGTTTAAAGGGTTCCGGATGTGGAATATTCCGCGCTATGTTCTGGGTGGATAGGTGTAC	0	0.8360224069861528
seq455	CATAGAGTCTCCGGTACTGCAGCGCAGGGCTGGTAATCATCCGGATGGCTTTATAGGGGGACCCGG	0	0.09401357081699879
seq456	CGCTGATTGTTCTGCCATAATCTTTTGCTAATCCCGAGGCGTACTTATGGGTTGGCGTACAGGTAG	1	0.7011547566979337
seq457	TTGAACTCATGTTCAGAGTCTACTTCTAAAACGCCGCTTGCTTCCAGCAGGGCACTTTAGGGCTTG	1	0.3724944340042867
seq458	GGCATTCTTTGCGGATGCGTGACTAATAACCGGGAAACTTGTACTAAGTATGGTGTTGCGAACGGC	1	0.8383905195979017
seq459	TCTCATATGTTTAATCTACTACACAACGAAAGTGTTAGCGCAATACGGCGGGTTGTTGTATTAAGC	0	0.8758909644097541
seq460	TTGGCTAGCTGTACCAATCGGCTTAACGGTGCGCGGGGTGTGGCGAAGGCAATCCATCAATGCACC	1	0.9745169945657246
seq461	AGTCCATATGCATGCAGAGGAGGCTTCGTTGATCAGGAACTTTAGATACAGTGCAGGCTTAACCAA	1	0.09547968638945925
seq462	AACCGAACTGGCCTTAAACGCCTAAACTACGACGGTGATCCTAGTAGTAAGCGACATTCATGTTCG	1	0.7730012150341875
seq463	AGTGTATTTATCGCTCTGTACTGGTAGAAATTAATGCAGTACTGCTATTTTCGGGTCAGCATAAAA	0	0.08387969849811605
seq464	ACTTATCAATAGTTTATATGGTGCGATAGCATGTAATGGGCCCTTCATAATAAATCGAAGCATAAT	0	0.8494268614945636
seq465	ACAAACTCCGGGATAGAATTCCCATGGTGTCGGGCTATGGCGACGACGCCAAGACGTCTACGCACA	1	0.6418979932791992
seq466	CAACATAAAGGACGGTGAAGTATAGAGGGAGTTGTTATGCCGAACCGTAAAACGCCATGACTTAGA	1	0.6199282398566084
seq467	TCATGAGCGTCATTCAAGAAAAAAGAACAGTGAGATTGATGGATTGGATCAGAATCATGACATAGA	0	0.19556710114498876
seq468	TCGAGGTTGTTTCCTGGACGATGTAACAAAGCCGCGACGTCTATAAAGCACCTGCGTGGGACGCGG	0	0.5338967202880964
seq469	TCATCCATTACTCAAACGCACTTTGATTTGATGGTGAAACGATAGAGTAAACCATTACTTCACGAT	0	0.7475533879404859
seq470	GGCTTGCGGCGCACAGGATCCTCTTTTCAATTACTCTAACTATGCCCAGGGACCTATCATCATGGC	1	0.3104745961436076
seq471	GAGGGGGATTTCCCACAGGGGGAGAGTGAAGGATGCCCCATTAACGCAGCGACCCAGTCGAGGCCC	0	0.8354974951224594
seq472	CTCGGATGGCCATCCTTACCATAGGATAGGGGTCGGATTGATAAGCCGGCCAATGCGGATGTCGGC	0	0.7933666625983887
seq473	GCCAAGACTATAATGAAAGTACGGCAATTCCACGATTCACCTCCTAAACGAGTATTCAAGCGTACA	0	0.28281170070688477
seq474	ACGTATTCGCAAAGATTTCCTGCCGTGAGAACCGCACTTGAACTCGCGTGCGAAGTTACTTAGCGG	0	0.7526989855463667
seq475	GCGCCGAGTAACATTTCACAACGCTTATTTCAACCAGGAAGACATTCCATCCCATGTACAAAGGTG	1	0.031853529434429206
seq476	TAAAGTGATGCTCCAAATAGCCCCGAACAAGTGCTTTAGACATATACGTACTGTATCTAGGATCCC	1	0.9241982842590876
seq477	GGGCACTGATGAGGGTAAATTCCGCGGGGGGAGTTTAAGTCGCGGCTAAAACTGAACGATCTTTTG	0	0.9597012752196473
seq478	ACACTCCTCAATTGTTTCTATATTGAGAGTGTGCCAAATTCGCGGTCAATGCTAATAGGTAAGGCG	1	0.24781892333817068
seq479	TCACGCCTTATCTTGTAAGAGATCGGTTGACTGCTCTAACGCTTGCGGACGTGGGCCCGCACTTTG	1	0.8091611236051698
seq480	GCCCACTTTATCAATATCATTAAGTTGTTCTGTATTGAGGTCAGTCTCGACTTAACCGATCCAAAG	0	0.07108425117137507
seq481	AATAAACCTGCCATCAGTAAAGTAGGGCCGCAGGTATCATATCTTGAGTACGTGTTTATTACACAT	0	0.20975614464634862
seq482	CTGGTGCACTGGTGCGGTCCATTAGTAAACTAGAACTTAATGGACGGGGCTTAACTAGTTGACAGT	1	0.9264461886877272
seq483	CCCGCATGTATCTCACCCGTTGACAGGAGGAATGAATCTAGGCTAGTTTGGAGCCTTAGTGAGGAA	1	0.3465060114440087
seq484	GATTATTCTCACCCGAACCAATATAGACGCCCGAGACAGGGAATGTACTGCACATCGGCGTCGTAC	1	0.019502829698098245
seq485	GTCCAAAATCTTGCGGCAAGGGTGTTTTCTTGTCTAACACGTACATCCTCATCGTACCATTGAGGT	0	0.4566997192006774
seq486	TTCTTTAGAGTGGTCGATCCGCGAATGCTAAAGAGCGGTAGATCGCGGACGATCACTGCGCCAATC	1	0.3466621311558913
seq487	CTGTCTAGGCCAGGCGGAACGCAGAACTCATAGCTCACGCCCCAGTTGACACAAAGAGATGAATCG	1	0.14028102801081777
seq488	AAAATGCGTAGGGCGCTTCAAGATCTGTACCCTAGCCAAGAGTCTGGCTCATACTCAATATGGGTC	0	0.9861769729967305
seq489	TGGCCGCAAACTTACCGTCAATTCACGAGGGAAACTCTAGATTCATCTTTCCCACTTAATGACTCG	0	0.7810901928959036
seq490	TCAGCGAGTGATTTCGTTGATGCATTTGTGCAAACCAACACCTGATACCCTTGCCTAAGCTTACAT	0	0.17865441755191203
seq491	GTTGACATTCGCTATCTGCCAGCTATTCTGTAGGGAGGACCCCCTTCCGCGACTCGTTTTATGCAG	0	0.3678760554290479
seq492	GTCACTCCGGCCGTTAGCGAAATTTAGCGTAGTAAGAGAATTCTTATAGTGAATACCCGAGAGAAG	1	0.8482378942857793
seq493	ACTTCAGCTGCTACGGGTCTGTAGGACTATATGTTGTGTCAGTACCACCGACTACGTACGCGGGTA	1	0.5962344044118519
seq494	GCACGCTGATGAATAACGGTCAGAAGCTCGCTCAGCGGTTCCGTACGGGGCGCAAGACCAGCTTGC	1	0.07406473833562854
seq495	CTTTGCCCCTTTTGTATTCACGACGAATGATCTACGGTAAGTTGCTCCAGTCTGAAACCCCATACT	0	0.6474372754520481
seq496	TGTATCAAAATGCAGCGCCCTGAGTGACTTACCGTACCGTGGCGTTTTCCTCGTCGAATAACTGAG	0	0.3866257774727617
seq497	TGCTAAGAGACTTTCCTGAAACCGACGAGTAGCCAACAAGACGCTGTTTCAATGCAAGCATAACTA	1	0.10697003864788868
seq498	CATTAAAAAGCATAGGAACAACGGCTATCCGAGAATTCGAAAGTGCCTATCTAAACAGGTGGATAT	0	0.5015662575978117
seq499	TGATGTATGACCCTGGAGTTTACATACACGTGTGTCCCCCAGTTGTGGAATGGGGTTGATAGTGCC	1	0.9987011876879269
seq500	GGGACGGAGACTGTGGCTTCGAATGAACCTGAATTCCTGGAGGCTGGTCATGAGATCCCGATGTTT	0	0.22843767949896943
seq501	CCCGACGCCAGCAAGGAATCCAGCCCGGCTAAGACGTCGGTGTCTCTATCCGTCTCACTTTTATGG	0	0.7505591614987145
seq502	ATGCGAGCTTATAACCAACCCTAACCCCCACCAAGTATAAACGTCGCAGGGCCATCGGCAGTACAT	0	0.11953296285416415
seq503	TACTAATGGCAGGACTAAAGACAGAGAGACGATCTGACATGTAGTAGTTAGTTCCCTATGCCATCC	1	0.8633524474104023
seq504	TATTCGTACCTCTGGTTTGGACCTTTTTTTATACCCAGCTCGGTTATCCCTCTTAGTAGGGCCCAC	0	0.6823633071051822
seq505	TCCATCCCGGCCCAGGAATATCGTGCGTGGTCCACTCTTGCTCAGCGTCCCCGCCGCGCTTTGCAC	0	0.8705945163301422
seq506	GAAGTAAGGAACTTCACGACCCTCAAGGGCGCATTTTTCCACCTCTTAACTGGTGGCTGCGTCCCA	1	0.03746468076062248
seq507	GTATTATTATAGAGCCACCTTGTATCTGAGCAAAGCACCTCGGGTAGGTCCCATCCGGCCGTATCC	0	0.6399920604732096
seq508	CTGGGCATCTCCACGATGCTCCCTCGCAAAGTAGTGTGTGGACTCTTCTCTGCGTTGAGTTTTCCA	0	0.7743590283612836
seq509	AGGTTACCTACATGTGACCCATTTGGGCAGCGGTAGTATGAAGTACACTAAAGACCAGGCCACAGG	1	0.13860737702993353
seq510	AGAATCTGGATTAACATCTATTTACACCGCTGCACCGCTTAAATGAAGAGGGACTTGAGAGACAAC	0	0.403231470429937
seq511	TATGTCTCCAGGCGCGGAGTTTTCGTCTCCCACATATGCTGTACCGCGACTTAGCCCGTCTTGATC	0	0.6212741660854242
seq512	GGGGTTGAGCTACCCCACGCGCCGACAGTCATCCGTGGGGAGGCTCTTGCACGGAGGTGATCGCAA	1	0.8004937870013233
seq513	CCGATTGCTCTTTGATTCTAAACCCTAGCTTCGCTACGATGGGGGCAAGTTGCTTTGGTTTACAAG	1	0.4638870067291043
seq514	AAACAGCTGTTATGTAGATAGAATACGCTTGACAAATACACTCGCCGCTGGATTATTGGACTTCCG	0	0.01761014958024909
seq515	CATACTTACAGTTCTAGATCCATTCTGAGCGCTTACATGCAGTTGAGGTCCGTAGTACCTACTCCT	0	0.31041392441813953
seq516	TGCGACACGTGGCTATATCTCTCGATTGCATCCGCACATTTTGAGCCAAGTTAGGAGGACAATTAA	0	0.2286385680593257
seq517	TTTATCGGAGCCGTGGTTATGGCGTCGTAGTGCTGCGCTGTCACGCTGATACGGTACTACATTTGT	0	0.916293449611001
seq518	ATTGCGTAATGGTAGCGTTCGAAACAGGATCGGAGCGGAGTTACCACTAGTGTGTGAGTTGTTCCG	0	0.8762563419186808
seq519	GTAATGGGGACATGTGCTGGCTGTCAGAGCACCGTCGTCTGGGAACCTACGCGAATTCAAGGTCGA	0	0.24569586438923563
seq520	CTGCATTCCTGTTACTACCTTTTACTACGCGTGGACGGAGCTCGATTAGAGGATAGGAAATGGCGA	1	0.035136570657592125
seq521	TACCTCTATATGTTGCGGCCGGGTGTAGTAATCACGACGAAACCGCACTGGTCTAGCGGAAATGGT	1	0.9961958030347795
seq522	GCCAGTCCGGGCGCCTCAGCTTATTGTCGGAATTTTCGTACCTAACCCAACGACAAACGATTGGAG	1	0.8248256860881433
seq523	CTTGAATTAGACCAAGTCTTATCGCACTAGAAGAATGCGCCGGGAGGAACGTCTGTACTCACATAG	1	0.7541323969432007
seq524	CCCGCCAAGAGAGTCCACGGCCCCCATTATGCTCCTCAGGCGGGCTTCATGCGAGTGCAGACTGCA	1	0.2933545768418032
seq525	ACTACTAGGTAATGTAGGCGGAGGAATACCCACAGATCGCGACATAGGGGTGCGTCTTTTAAGCAT	0	0.8164457665443356
seq526	TTTATATACACCCCCCCCGGAGCAATTCGATCTACAATCGTGGAGCGACTTCCGTGGTTTTCCCTT	0	0.610081005219669
seq527	AGGATAAGGAAACCCATGCATTAGCGGTTCTACCTTTAGCATGTCTGCTTATCCCTACTATGATTT	0	0.26626657844538093
seq528	AGTAACGCTATGTGCCGAGGCATATGGTCGGTGCAGGCTTAAAAAGTGATTTGTCAGACTCGCTCC	1	0.5108499154538995
seq529	TAGATATTCGTCAACAGGCGCTTTCCATGTACAATGCAACTCCATCCCACTAACTAACGTCAGACC	0	0.18392491518156306
seq530	TCGCAAGAACGAGGTGGTAGACACTCTTTTTTAGTTAAGGACATTACACCCGTTAACGGAGAAGAC	1	0.20643534787360085
seq531	GTCAACCTAGTCAGAAAACAATTGAGATACTAGATAGTGAACCTTAGGAAAGACTGCAAGGGGAGC	1	0.7472090815784536
seq532	CGGCGACCAAGTACATACGGGGCGGAATATCGAATAGCGCGCTTGGATCGCAAGATGACCGCCAAT	1	0.45840686484240367
seq533	CACTTGAACCGATTATATCCTTGTCAGGAGCGAGACGGCGCGACTCGCCGCGACACTCCTATCAAA	1	0.9783958653857706
seq534	AAATGCGGTTACGGGAATAAGATCGAACGTTAGGGTAGAGAGGGGAACCGTATTATGATCCAAGAC	0	0.6509807536288595
seq535	TAGTCAGTACGGACATGATGTGGTTAGAGAACCTATTATCTTCGCTAACCTCGCTGAGCTGCATAC	0	0.7487420369283488
seq536	CACTATTAATTGTATGGGCGGGCTACGCTTTTCTTTTCGAACATCGACATTAGCTGAGGTTACCTA	0	0.47324162155886595
seq537	CCCAGTTCCTACAACCCGTTACCGATCGGAGGGATTGTAGTGCGGGTATTAGTTGGACCATTTAAC	0	0.0509340150689207
seq538	CTGTCTATCGGTCGGGAGAGGAACGCACACACGACCCGTAACGCAATATCCCATCGGCGATCTTTG	1	0.7918763202846639
seq539	GAATCCCCCTAAACAAGGGAGCTGACAACGCCGGAATTAGAGTTCCTTAACCCGTATCTTCGTGTA	0	0.2561646490592009
seq540	CCCCACCGTAAAAGTAACTTCATGGAGTTCAAATTATGAAAATCTTCACTCCCCCTCTGCTTCTCA	1	0.9403761051214621
seq541	CAGTTCTTTAATAAAGTCTTTCCGAGTATTCCAAACTCCTGCAGTCAGATCCTTTCTGCGCACCCA	1	0.4424048208020047
seq542	TCTATCGATGTATAAAAATTATTCGGGCCCGAGATGGCGCATGACCAAAGGTTCACGCCCAGTTGA	0	0.12760373321097906
seq543	TTTTACAAATAACCTTCACTAACATAAGGTTGGGGACCCTAACAGAGTGGTCCGTCTCAAGATGTC	1	0.7826953843728311
seq544	GAAAACGCGGACTCCTGTCCCACGCACTCGTTACATAGAGGTCGATCGAGCTAACAATCGCCTCAC	0	0.9592142510347678
seq545	AATCCCGGGGCCGAGTATTTGGTGAGTTTTTTAACTTTTGATACTGGACAAACACATAAGTTCCCG	1	0.7546115042439157
seq546	CTGCAACTGCTCGATCGAACTGCTAAGCCCTTGGACGCTATCCGACAACGAACGCTATCCTCTTAT	0	0.06994425657753156
seq547	CCGTTACTTTCTGTATGCCCTGATAGAGCTTTGAAACTTATCGAAAAAAATAGCCCAGAGGTTCAC	1	0.46039499547388774
seq548	ACGCAATCAATCTATCTGTTAACGGAGTACTCCGTAGACATAGCCTTATCCTTAGCCTTCGTGTGT	1	0.9764738842732804
seq549	TTAGACATATTCACGTTAAAAACTCTGTTTAATCTGAGTTCACGGGCCTAACGCATGTCGCCGTGG	1	0.4948003785628998
seq550	GATCCGCGCGACTTCCTGCACGATCGGGCTGCGAGCATTTATGCATTTCTGGACCTTCTCGATCTA	1	0.2470204255429912
seq551	GACACCTCCTATAACCTTATACGGGACGGAAAATAACTGGGGATAAAACAGCGACCTATGACAAAC	0	0.7469984004048366
seq552	TGCACAATGTGACCCAGAAGAAACCGATCCGAAGTTACGTCACGGCACGAGATATAAACGGGCTGC	0	0.10965092642044671
seq553	AACATGACTGAGCAACGAGCTCTTGGTTCGATAGGGCATCCTCTTGGACTACATGGCCTCGATATA	0	0.530650092042938
seq554	TAACCGAGTCTGGCCGTCACAGATCGTAACGACATCTCTTAGTGTTCAATGCGCCCTGACCCACCT	0	0.348461940642099
seq555	CCCATGTTCTTCGATACTAAAAATAAAGAGGACAGATGGAACACTGGGTAGACCTTAGGATAACCG	0	0.14199455873861155
seq556	GCGCCGGGGCATCCGCGAGATGCGCTCACCGAGAACCTGACTCGCGAGAGTCGACAGCGACCACTC	1	0.05280047082601591
seq557	GACGTTATATTCAGCTCCCAAAGTCCTCCTCCCCTCGCCGTCATGCCAGCCGACGATTGTAGCAGC	0	0.49329027930891967
seq558	CTGATGAACTGCTCAAACCGCGTTAGACCAATGACTAAACGCTAATTGAAGTCACTAGTACTGTAT	0	0.4712787958023458
seq559	GGCGATGTCGAAGAAACCCCGATGCAGTCCTGGTTTTGCAACCTCACCCAAGAAGGAGAAATAACA	1	0.8781439994447745
seq560	TAGGTTGCACTCGCCGAACCTGAGATTTAGAAAGGACTTAGTAAGGCATAGTTATGAGGCATACTG	1	0.8826039958533229
seq561	TGTTGTTTCCTTCATATGTCTGTAATAGATGATTATGTCTGGCTCACTTCCTGCTCCCACCTCGTC	0	0.8487304972360966
seq562	CGTTGTTGCCCCGAGTCGCCGCTACCAGGGGACAGCGCGTGGCGGCGCGCGGTCTCCTCATCCTTC	0	0.5446839606618125
seq563	CGGCTAAATATGGTGTACAGCGAAACTCTGTCGTCAAACGGTACACCCCATCAACAGAGGAAGGGA	0	0.7799349784676158
seq564	GCGCCAAATGCCTATTGCTGAAGTTCGGGTAAATCCTTACACAACGCCAAGCGTAAACGTCGAGCC	1	0.7922606738895188
seq565	CTGTCAAAGTGGCCCGACATATTCCTCGTACGCCTGAAATTCCGGACTGGGTGCCTATGTGGCGAT	1	0.2839964625833584
seq566	CACACGCAAGGTTTATGTTACCGGGAACGTTCGGGCCGAAGTCTAGATTAGCTTGTTCTAAGTTTG	1	0.37924266654197714
seq567	ATTTAAGCGCGGTCTTCCCTAAATTGCGGCGTCGCCTTGAGTGTACTCTCGACTGACGCTCTCTTC	1	0.7083556972956405
seq568	CCAATTAGGGCGCGGTAAGCTGGACGTCATGTCTTCAACCCAGCACAACGTAAGCAAATCTCGTAC	0	0.963084678770737
seq569	CCGCGTTGGACTGGGAGACAAAACCCTCGATCTGATTGTTCATCAACTTGGGGGAACATCCCCAGG	0	0.06884277176232056
seq570	CAGTCGCGACTTCGGCAAACTTCGATGGCGAGATGACTCGTTCTCCCACGTCATGGATGTGACTAG	1	0.47777630424194395
seq571	CGCGGGCGCGAGCAGGAAGGTCCCGGGTTTCCCCACACTACCGCTCTTTTCTGATAAATTAAGACG	1	0.2032004761125632
seq572	TAAAATTCTGTCCTCGCTCGTCGAATCACCTAGAATTGTGTTTTTTCGTCTCGCCGAGTCCGCGCG	1	0.4073022263748004
seq573	CTCTGAATTACATCGATCCCGTACGCAGAAACCTGTCTTCTATAGACTTTAGGCACGAGAGCATTG	1	0.44797152637156634
seq574	GCCTACCACTTCTTGTCATTTAGGTTAGATCCCGTGGTAGGTGCCCCGGTGGCCGAGAAGGTCTTC	0	0.7058655091634798
seq575	AGGAACACCGAAGCAAACAATCAGTAACGAGCGACCGTCCGTAACACGGATATTTTTTAACACGAG	1	0.34271420427277777
seq576	CAAATTCATTGTTTCAGTCGGTGGGATCTGGGGTTCCTACGCCGCTTGACCAAGCGATTAGGCAGG	0	0.6934850035925637
seq577	CAAGGCAATTTCCTCACACATAGAACCGATCGGAGTCGTCGGGACGATCCTAAGAGAATCTGTCTG	0	0.48480433173222537
seq578	GGTCCCGAATCTAAAGAATCACGGATCTTAGGACGATGCCTTCGGGAACCGACGGAACTCATCGGC	0	0.10756545733127898
seq579	GTCATCCGTTCCGGAGCCTAAGTAAACCTCAATGCGGGCTTTGGACGAGCGACGTCGCTCAGGGCT	1	0.5672157656655078
seq580	TATTCGGTACCACGAAAAAATACTTGGATGCGCCAACACCCAACAATTCACGATTGCTTCACACAT	1	0.18088029790897509
seq581	CTGCATTTAATGCTTGATCGTAGGTCGGCGTACAGCTCATATGACCCAAGTTGATGCGGACAACGA	1	0.690167317680052
seq582	TCTCGAGTGCCAATGAGCGTGGTTGCAGTCGCGATTGCGCCCAACCTTGCTCTGGGTAGGCATTAC	0	0.5966261002357278
seq583	GGGCCTACATTCGGCAACCAGGCCTCAGCTCTTGTACGTCATTCCGGCTGTACTACATATGTACTC	0	0.28908860088489985
seq584	GGTAGCCGGGCTAGACTGTCAACTCTTACTAAATCCGAAACTCTCGTCTTTGGCTAAATAATTTGA	0	0.5888725714732431
seq585	AGCTTCGAGTGTCTATTCCTGTCTACGCGTGCTCTTACAATACACTAGGTTGACGATCAGACGAAC	1	0.20348978010000218
seq586	GATCCATCCCATCTTGGCCCTTTCGTTTATGGTCTGACATCAACGCTTCAGAAAATAAAGTCGCCT	0	0.07350186514951329
seq587	CGACCACCCGCGGGGCCTCATAACGTTAGTTCGAGATCGCGGGCCGTGGGGCGCGATAGTCGGGTT	0	0.4822861378446287
seq588	ACCTCACCGTACTGCTCCAAACGTGCCGACTCCGCCGTTTATAGATCACGGCACCTGTCACTCCCT	0	0.4624569409361001
seq589	AGAGAAGGGCCAGTATCGTCCGGCGTTGCTCGGCGGGCCCGATGCACATACGCCGATTCAGTGGCC	1	0.9148952110216959
seq590	AGCGATCAAGCGATATTCGAGTCGTAATACTCTCCTAGGCTCTACGCATCGTCACTAAACGAGTGA	1	0.12084008774422927
seq591	ATTCCTCGTACTCGTGATCTGAATAGAGATGGTGTTGGTAAGGTTACCAAACTACAATGTCTCTTA	0	0.36746994776566333
seq592	TACGGATTGCCTGGGATCATCACGCGAATTAGTTTTCCATGAAAATATAAAAGGTCGCGACGTGCG	0	0.965516094502311
seq593	ACAAAAATTGCCGACGAGACCGCCACTTTTTCGGGTTCCACGGCACGCTCATAACCTCTCTTTTTG	1	0.09746012118187874
seq594	TAGGGCTGGTGTCGAAACAGTCGCTGGGTCGGAATTACGCGGAACTGATACGGTTTAGGTCCCTCA	0	0.4855819667287655
seq595	GCCGGGTATGACAGGATTCCTGTTTCAACCGCTTAGAGCCAGCCTGTTAGTTCGGGGCACCCCATA	0	0.23665288498189008
seq596	TGTGGCTCCGGTCAGTACAGGTTCATGGTGGCGCAAGAAGCCGATTCCGTCCGACCGCTTACTTCT	0	0.0762482132586938
seq597	GCCCGCGATTCTACCCAACCGCTCATCTCGGTTACCATCGCGCGGTGTCAGGACCACAAGCACAAA	0	0.09305811644062623
seq598	ACAAACCGTTGGGTGTTATCTGCGCCTTCGTCCTTGCTAGGACCACTATTTTTGCGAACTGCGGTG	1	0.8915936310211613
seq599	TGACGGGAATATTTTGTTTCTATATCGATTTACCAGAGCCATGATCATCCGTGGTAGTCGGATAAT	0	0.7114780148909136
seq600	TCAGCACACGAGACACCGCCTCAAAGCGACTGCCGTGCCCCTCGAGCGAACGTAAGTCCCTATGTG	1	0.5370670774196059
seq601	GGAACTACGTGAATCCGCCCCGCCATCCCCGTGTTCCGACTTCGACGTAGTTGGCTTGAATGTTCT	1	0.008746527237652346
seq602	TATGGTTGGCAAACGTTAGAGTCGTAATTTTGCATTTACTCCCCGTTTCGTGCTTGCTACCGCTCA	1	0.5459204251986768
seq603	GCAGGCGGAGTCGCTTCATTGCAAGAGGTGAGACTAGCAGAGTCATTAACATAACACTAAGAAGAG	0	0.17060765142558376
seq604	GCAGGGTCTGACCTCTTGTTCGTCATGCGATATGATGAGTATGGCTCTATCTCTCAATATATGACT	0	0.2706500115514593
seq605	TCCCGACGAGGAACGGCATATAAGGCGATCGTACTGTTGGTCATAGATTAATGTGCACTAAACCAT	0	0.4530281728332587
seq606	TGGATGCAGCAGGCAGGAATCTCCAGAACTTGGATAGCTCGCATCTGAGTCACTGTGGATTAAGCC	1	0.48796876971905867
seq607	TGAACTGCGTACCCAAGGCCGGACGTGCTTCTCCTTTCTTGGATATACGCATGGAGTCCGCCATGG	0	0.19157237365412727
seq608	GGCAGGAAGCCCGCCTAGTCGATTAAGTAGGGCCTAGCTTCAGGGGGAGTCGACCTAAAGCGATTC	1	0.6296374231476914
seq609	CGGCGTAGCAATTCGTATACGAAGGGGACCGAGCGTCGGGTTGTGCCAGCTCGGAGAGGTTCGTCG	1	0.8898442455068257
seq610	GGCGGGGTTCACGCCTATCAGTACTTCGTGACTTACACAAAGTAAATTGTATTGCCCTACTGCTCC	0	0.7328497374364131
seq611	GGCTGCTCAATCCGGTACAATCCTGATGACGGTTGAAAGACGACTGTCCAGCGTCAATACGGATTC	0	0.029039088270831348
seq612	TGCAGGAGAGGGTTAACGAAAGGATTTAAGCGCGATCTGTCACGCATGTCTCCGCATAGATTAATG	1	0.15545779395724924
seq613	TCTGGGCAATGCCTATCACCAACGCAGGCCTGAATTACTGGAGTATCACGTATGGTCGTATCGCGA	1	0.8894777976392575
seq614	CATTAGAGCAAATCATCCTTACAGTCAAGAGTGTTGGACACCATGAGGGTGCAGGACTGTCAAGAA	1	0.687055465850566
seq615	TGGACGCCCACTAGGACTGCAAATAACAGACGGACGAAATGTTCCGCTGTAGGGCGTGATCATCTA	0	0.5039024230723461
seq616	GGTAAAGTCAGTTGCACAGTGGACCCATTATTCCGAATAAACTCTACTATCGGACCACCCCAGCGG	1	0.5041294726384954
seq617	CCACCCTTTAACATACATTTACTGCTATGATCCTAATCCACAGATAGGTGCTATGTGTCCCGACCG	0	0.2591541544160658
seq618	ATAAGCGTAAGCGGAGCCCGTATGTCTGCGGTTCTTCGGACTCCGCCATTTCATACTAGCGAATGC	1	0.8945735813581016
seq619	AGTCAAAAGTAAGAGTTGACCGTTCCGTTATGTCAGCCAGAATAGTACGGTTCTGAGGTGTTGTTA	0	0.5868577748474213
seq620	GTGTCGAGCGGAACTTTCTATTACGGGAGGACTCGGACTTGTCCTCCGGCTCAGGGGAGGCCCTTT	0	0.6532734245635903
seq621	TAGTGTATTCCAAGTAGGAGATTGGAGGGTCACGCGATCTACACTTAGAGTAAAACCCCATTTTCC	0	0.6778420011420602
seq622	ATTACCCACTTGTTTCCCGAAACATATTGATGAGCTCAAGCATTCCTCACAGTGAACGGCCGTAGA	0	0.8981432276905411
seq623	GTGCCGAACCACGCGGCACTAGTGGAAAAATGACTCCATTGAAGTGAAAAGATGGGCTAGGTAGGC	0	0.873748871505439
seq624	AGGTACATGTCAACTATGAAGCTTATCCTAAATACACACAAGGACTTGAGCCGGCTGAAGAATAAA	0	0.08177056228073765
seq625	TCGGCGGTGCGGCTGCGCATTCCCTATAAGACCCTCGGGCCGCGGATAGATTGCGGTCTGTCTTAG	1	0.9510201962215402
seq626	CGCCATTAGTGCCGCGCCGGCACCTGGGATACGATGAACCAGGTCTCTGTTTTGTACCCTATGGCG	1	0.762697537563588
seq627	TAAGAGCGTCGCCGCGAGCGCTCTGCAGATAAGTAGGTCCCATATCGTCTAGAAATCGACTCAGTG	0	0.4007765176673379
seq628	TTGCCGATTTTTACTAGTCTGCCTTAATATGCCGTGTGTCCGGCAGGATATGCCTACGAAGCTGGA	1	0.7565493676209523
seq629	AGACTAAACGCTACAGGGTCCCCATTTGGCTCTGACCTTGGGCATTGCGCTTGTAGACCTATAACC	0	0.9214899702107839
seq630	GTCGGGGTTGAACCACTTTGAATTAGTCTTGTCAGGTTCGCGTTACACCTTCCGCTCAGCCTAAGC	1	0.13189853503275173
seq631	ATTATCGAGTTGGATGAAGTTTCAATTTTCTTGACGAGCGTGCTGAGGTTTTGTGCTTCTCCCGAT	1	0.9102780625130756
seq632	GGTATAGCGGTGTATCGTTACCCATCCTCTTACCAAATCCTTGCGGCGCCAAGACCAACCCCGACG	1	0.6462988857220767
seq633	ACGTCTAAACCGAGCTGGCAGCAACCTTAAAAGCTTCGAATGATAGTGGCCCAAATATGACGGGAA	0	0.5126821060484809
seq634	AGTAGATATATAAGGTGAGGGACGGGCTACACTCAAGTACTAGATCGCAGCTTCCAGCCCATGCAT	0	0.26992790823407375
seq635	AGCCTTCAATGAGAGCAGGGTTGGATGATCCTAGGGCCGCGATCCTCGCGCTGGCCCGCTAAGAAG	0	0.3666903645485128
seq636	ATTAAACCACTTCCCTCGCGTGTTAGGGTCTTGTCCTCAACAACTGCTATAATTAATTCACATATA	1	0.7122364190714476
seq637	GATTAACGGATGATTTCGGCCCGCGTGACCGCAACCAGACGATATAAAGCGTTTGCTCGTTACCGC	1	0.03053699075524252
seq638	CGCAGGCGGCATGTAATAGGATTCCAGCGTTTCTCGCCATAATACGTGGCCATATCAGCTGAGGGT	1	0.12143077449186379
seq639	AGCAAGCATAATAGGTGGTTAGGTCCAGACCAGCATAGTAAAGGTAAAAATGCGCTCCTAGTGCCT	0	0.710002655127761
seq640	CTAACACAACGCATCGATCAGCGGACAAAGAAATCACGTATGCATGAATAAGATTACAAGGTCTCC	0	0.8313659571602562
seq641	CTCGCTGCTCATGCCTCCGAGAAGTGTGAGCGGCTACAATCCTCATTTCCTAACACGATAATCTTC	1	0.8663608712544307
seq642	CATGGATAGTATTCAACACAGCTCTGCGAGCCGAGCCGTCCCGCCTTCACCCGTAGTAGTCCGTCG	0	0.7999857341717036
seq643	TGGCGTGCATAGCCTTAGACAACGTGTGTGAAATTGGGTCCATGTACTTGAGAGAAGTATCGAATA	1	0.40372477554164954
seq644	TTGAGAGCCCAATGAGCTGGGCGACTCTGATGTAAGTAGATGCCATCTGCCGCACGGTCCGCGGCT	1	0.09139940510522415
seq645	TATAATGACCCATGGCTAGTGGATTAAACTTAGGCAGAGAATTGAGACGTTGCTCACCTCCCTATA	0	0.6866631143921547
seq646	CTCGCCGAGGCTGGGTGGTTGAGGCCGGTGCCCCAGCCCGTCATAGCGAGATCCGTAATTGTGGCG	0	0.5507286557492876
seq647	CCAAAGAAACATGGCGCAGCGAAATGTGACGAACTCTCAACCCCCCCATTTAATACTCTTAGTTCT	1	0.43756442741585855
seq648	CTTAGGCCTCAGCAGGACGTACTTCTATACGTCGTTTGGTCAAGTGGATTTACAATATTCGACTTG	0	0.13277818654568663
seq649	GGCTTCCGTACATAGAAACCCTGAAACAGACCAGCGAGCTTCCGAGGTAGGGAGCGACGATTATCC	0	0.19333711771421624
seq650	CTGGTTGTACATGTTGAGTCTCGTCACTTTTGACGCTATCAGATCCCATGGGCACTGTGTGGGTGT	0	0.8089461894126525
seq651	CATGCACAGATTCTTACCTTCTGCGTTACGTAGCCGGTTTCTGCCGCCGCCCACCGGACCTCCTCA	1	0.6700249646634417
seq652	AGTCTGCCGAGTTTCCCTGCTATGACGGGACTGAATCCCAAGTTATTGTGTAGTCAACATTACTTA	0	0.9793260523826135
seq653	TGCAGTACAGCTGATCAGGATGGAGGGCAGTTAGGTATAGTACACAGCCAAGTGGGGGTGGAGGTA	1	0.7826717406395213
seq654	TGCTCTTTAGCACAAGCTCGATCACTCGCAAGGGAAATTGGGCAGTCGAATCACGACGGCTACAGC	0	0.7267649306676012
seq655	CTCGGCGAAGGACGATAAGGCCAAGCTACGACTCCAGGAGTTGCTGCTCTCAGCTGTAGTTTACCG	1	0.7246036830422835
seq656	CGTATCTTCCCAATAGCTGATCTCTCGCCCTGTATATTTTGAGGGACTTGAGGAGGGAGCATCTTA	0	0.382933452160895
seq657	TCGAAGATGGCAATCAGTTAGCTTGGAAGCAATACATTTGTGTCGTCTAGAATAGTTGCGTCGCAA	0	0.8257316195952434
seq658	TTACACGCCGCCGCTTCACGGGGAAACAATTGTTCGGCTCTTACGCCTTTGAGGAGAGCAATCTCG	1	0.7798529913565644
seq659	TCTTTAGCGCGGAGCGTTCTTTGCTGGCAAAGTGCTCCGGAGCTCTCGACAAGAACAGCGACACCG	1	0.7985070639218093
seq660	ACTTAGAACTTCAGTTCACATCTCGGGTTTCACGGGACTCGCGTCCTTCCAGGGATCGCGACTGAT	0	0.7072738387770671
seq661	CCTAGAGACGAAATGAGCAGTCTCGCTTGATGTTTGAAGTTGTTATCAATGCGTAGCCAGTTCGTT	0	0.07006095451191063
seq662	GGATGAAGAAATAACTTTGTAGAGATGCGGGACGAGGCGTGCGCTCTGTGGAGTATGAAAAACGTA	0	0.6310777158029819
seq663	ACAACGCATGATTCTCGAGGCTCCACATCATCTCGGTTAATCGATTTCACAAGCGAGTAGCCAGTT	0	0.249557406504059
seq664	CGTAATTGGACCCCCGTGACGGTTTGAAGGGCGTGAACCTCCTGGTCAATGAACCTTGACCTGAAT	0	0.913965822724007
seq665	ACCTTTCTTGTTGCATAAATAGCCTGTTTTGAGCTCCGACACACTCATCGATGTGGCCTAGTTTGT	0	0.9306960096657497
seq666	TCGCATCGAAGGATATCGGAGCTTCTGGGGTGGCCGCGTGTTGCAGTAACTTAGGAGGGATCAAGC	1	0.8716443253277919
seq667	AGTACGAGCCCGCCCACAAACGCAGAGGGTAACAAGGTGATAGTTGTGGGAGGAACCAGGTCAGCA	1	0.7010818227267537
seq668	CAAGAGTGAAGAACCATAGCGGCTGATACGTTTACGACATACGGCCACGCGTCTGAGACCACTTAT	1	0.6214218006428197
seq669	ACACATGGGAACATTCAGAATCCAATGACTGCGGGTAAAGAATGACAAGTTTTAAGAGACACGGAA	0	0.8488401177119648
seq670	CATGCTTACCGTCTCCATACAGCAATGCTGAGTGATGTCCTCCTTTAGTAGAGGAACTGAGCGTGG	1	0.08154055415446437
seq671	TCTCATGACAAAGGAGGGCGAAAACCCATCCGTGTTTGCTACTAATCCAAAACCCGACTTGTTGCG	1	0.4659913880079496
seq672	ATGTTTCGTTAGTCCTAGGTACTCACTGTCGGACCTTATTAATTTGCTGGTAACGGAAGATTCGGG	0	0.9715370580122927
seq673	CACAGGCGTCGCACTACTCAGACATATAACCTGGCCCGAAGAAGACATTATGTGCCTCGCGTTTCG	0	0.04246447449130475
seq674	GACCTTGGTCATCAGCAAGCTCCAACTAACCGACCCTTAGGCGTTAAAACTTGAGTATACAATTAG	0	0.02279858707505933
seq675	CGTGCAGAAGGCGTAGTAGCAGCAGATGGTCTACGATTCGGGTCACCAATTTAGCCTGAATTCCTT	0	0.4279275059126506
seq676	CACTTGGCGAATCCGAAACATGGTACTAAAGGTTCAGTATGGGGTCCGTGTATGTGACTTTGCTGT	0	0.5517709891156257
seq677	TCTATAAATGATTAAACCTATGCATACGAGAGTAGTTTCCCTCGTCATACTCGGTTCTTAGAGAAT	1	0.12343213455011348
seq678	GACTCCTCATAAGAAGATAGTTCCCATGTGTGACACGCCACTGTCTTACGCTTGTATCTCGAACGT	1	0.01615249966985144
seq679	GCTTTATTGCGCACGCATCTATGGTCGATAACAAAGTGATGATTACCTAGCCCGTAAGAGACGACC	0	0.9384067383399798
seq680	GATGGCCCAATCATGCAAAAGGTATGAACGGGGGGGGCTGTTATGTGTCCTCTAGTTAGTCCTTGG	0	0.2016319581061402
seq681	GAGACGCCCAAAGGGTATTGTCCGCATTGGAGCGTGCACCTGATTTTACTACAGGGGACACTGTCC	1	0.0935542287740797
seq682	CTTGATTGATCGGGGCCGGAAAATTGGAACAGGCCGACGTGTTCTGCTTCAACTCGGAGGCTTTGG	0	0.5858601705249189
seq683	ACGAAGTGCCGAAACGGTTGTAAGCTCCGGCTCCACGCCGCAGCTACGTAGCACCGCACGTGTGAG	0	0.2861604275495403
seq684	ACGATCGTTACACGCCACATGCGGACCCATTTCTTAACATCATCTACAGGTACAAAGACGTTGACC	0	0.8735466018675548
seq685	GCGCTCCCTTGCTCGTACACTCCTATAGTGTCTAGGCCACCATGGAGCATGACATACTGGCGGCCT	0	0.6315284282426618
seq686	AATTAATACCGAAGAATTCGTGACTTGCATCTACCCTTTCTAGCCGTCATGTCCGTAACGCGTTCC	1	0.9138855692659433
seq687	CACAATTTCCTATCAGTTCCAAAACCGGAGAATAATTCATCAGTTGTCGCGAAGCTATTTTCTACT	0	0.27562925386839654
seq688	TAGATTAGTGCGAACAAGCTGCGCTAAGCCTCGGACATTCCTCTTCTGAAGGTTCTGGGGGGAGCG	0	0.3116221880161193
seq689	CATCATCGTTGTTGGCAAGCAATCGATAACAGAATGGCCAAGTAATATTAAGGACGCACTACAGAA	1	0.4659029178382824
seq690	TATACGTAGAATTGGGGGTTACATAGCCGCACTCATTAACAAAGTGGATGGGCTGCCTGAATGGTG	1	0.19558414587662332
seq691	GAGAAACAAAACATGCAACGAACTCTTTGAGACAGCCTGCGGCAGCTATAAATAAAATCGCCGAGC	0	0.2693366756014174
seq692	CGTCATTAACTCTCTGGATCATGTAGAATCTTGGTCAGACAAAATCTAGGAGCCTTGCTCCAAATC	0	0.3822551604631619
seq693	CTTAGTCTGCTTTTTAAGTGTTCAGGATCCGTCGAAATACAAGAGTAGATCGTGGTCGTACTGTTG	1	0.4576287636800601
seq694	TTGACTCACACATTGTTAGGCCACTTAAGATAGAACATACACGTCATGGGACCGGGCGTTGGCTTG	1	0.8585636304359548
seq695	GGACACGGGCCTCTTTGACGAGCTTGTAAAACTAGTTCGCAGTTGTGATCCGTACGGGCCTACATT	0	0.6386441870976755
seq696	TTGGCAGCTACCTCCCAGCCTCCTTCGGCGGAATAGGATTCCGCGAAAGAGTAGCCGTTCTCACAG	0	0.23330970269997708
seq697	GGGCGTATAATTCGGGCGATATTCGCTTTAATCCGCCCTTGGACCAGGGGTACAGGATACTCTACG	0	0.5584182474869075
seq698	CATCAAATGTTGCATTTAGACGTGACACGCAAGTTTTTCCAAACGACTCTCCGGAAAGATAACTCT	0	0.9249002577415312
seq699	TGACTGGGCGGTACTCGTATTTATGTCGCGGTATTAACGCGGGATGTCACGAACCTGACGTTACCA	0	0.3221561908381604
seq700	ACCATGATTATGTGACGTTAGCACAAACTCATCTCCACTAGGTATTTCTCGCTCGTCGTGGTAACC	1	0.040416270448936364
seq701	CACACGTTAGATTGGTAGGCACACTAAGCTCGGACGTAGGATCCAATTTCTTATAACAAAAGCTTT	0	0.7208926307122913
seq702	AGGCTATTGACGCTCCAGTGACTAAGGGCATGTGTTCGCTGGCATAGGGGCACCCTGTTGTTCCTG	0	0.9464994576083389
seq703	CGATTGCTTTGTACATCGTGTCTTTCTTTACCGGTGAGGAAAAAGGAGTGTACTAATCACGCATCA	0	0.2572566126055893
seq704	TGCATTTATGTGGTGAGTGACCAGCAAGGTCAAGAATCGACTATGTCATTAGACTGGGGGACTATA	1	0.26974300617372704
seq705	AAATCTGGACGGCCGCCCCAAACATCGATTCGACCGCGTCATGTCCTGCCAGCGATGGAGCAACTG	1	0.7980728312793701
seq706	CCCTGAGGGGATTCACACAGATCACCGTAAGTATACCCCTCCCACTACCAGTCTCACTCGACGCGC	0	0.8136755383182271
seq707	TAGCAGGTCACCGAAGGTAAACTTGTTACCGTTGGCGGCCAAGCGGAGGGCCCCTGGGCCATCGGT	1	0.3434385780878073
seq708	AGCTCACGCGGTTTGCACTATATCCAGTGTGGGTGCCCTTCAACGAAGCCGAGATATACAAGTGGC	1	0.15672328095041177
seq709	AGTGTAATCGCCACACCCAATTCACGGTATTCAACCGTGGATCGCACATCACCCCCGTTGGTTTAT	0	0.3621675063104126
seq710	GATTTAGTCTAGCAAAATAACATGTGGCCTTTCCCTACACAGTCGCTCTTCCTGGCGGAGGGCACA	0	0.700360656977804
seq711	ACGATGGTCCAATAGCTGCGCGTCATGTCGCCTCCGGATACTAATTCAATTGGTGGATGCACGCAT	1	0.794579935011591
seq712	CGGTTTGGCACCTGATTGACCTCATCTCTTCCTCCGCAAAGAGAAGATGCGAAGGCCCGATGTGGA	0	0.803089522307165
seq713	GACTATAGGCAAAGTGCACCCCCAGAGGGTCTATCGAGTCACCCAATCCTATGGAATGTCTCTATA	1	0.2203753065577756
seq714	ACAGCGCGCGTGGGAGTGCGAGCAAGTAATTAGACCTAGGCACCCCCCGTCCGACCTAACTCGGTT	0	0.8244089098378635
seq715	CACGCCACATTGGGTGAACTATGAGGGGTAGACTAAACTACCGGGACTCCCGCTCCATAAATGTTG	0	0.11782303864054589
seq716	CCAGGTGATCCTAGGGCCGTTCAAGGGTGTCCTTTCCCGCCTGTATGTGTAGATATTAGACCCGAC	0	0.3828828044254293
seq717	TGATGTAATAAGCCTACTCCCTCACGACTCATCTATTAAAAAACTCCGCATAGGTTAGTACCCGGA	0	0.7995608670634784
seq718	AACCTCGTCATTCTGGTGACCCACCCCAATATCGAAAATATAGGCGTTGGTCAATGCTTGATGATG	0	0.3079861989836341
seq719	GCCGAGTATCCCGACAGACTGTTCCTAAGCCCCGAAGGGTGTCCCTAACCTTAACGAACGTGAGTA	0	0.16170014396428922
seq720	CACACTTATCCGCTAGTAGGTGATCGGCAAGGGTTTCCTTGGGGCTGATACGGAGTCCAGGGACAC	0	0.378053252388333
seq721	TACCACTACTGATCAGGGGCCTAAGATATTACGCTGATCAACTAAGAAGCCATGATTACTGCGCTA	1	0.021970483893228643
seq722	TCCTTTCCCTTTCTTCGTCTCCTGAATTTAGGATTTCGCCGATTGACGACCTGGTATGAGACGCCA	0	0.5374188939102186
seq723	AAAACGGAAAATGCATTTAAAGTGGGCGACCGAGATCGGAATGAAGTTATATCGCCGCCCTACTAC	1	0.7178777775597711
seq724	TTCCACGGACACAAGGCTCTGCTACTGCCAGAACTAATGTGAGAGCTGAGTGGTTAAGACGCGGCC	1	0.6983441935094397
seq725	AAAAAGTGCATATGGGGTATATCGCCCCGATGGATGAGGCTCTAGAATCACTTACACATGTTAAAT	0	0.1018458089368901
seq726	GCTTGGGAAAACTCTCTCGTACGCCTCCGAGGGCATTGACCCCCGACCAATTCATCAGTACAAATC	1	0.18029293601427576
seq727	TGCACCTCCCAATGCCGAACGCCGACGAGTAAAAAGGACTAGTCTGCGCCGTCATCTCTCGAATGC	0	0.13829981230181798
seq728	CAGACTCGTCATCACGTCAAGAGCACAGACTGCTGAACTCGGAGCACGAACGCGAGGCCCTTGCGA	0	0.32529645143030617
seq729	CGTAAGTATGAGACTGGATTACCGCAGTATCCATTTAAGTTGCGACTTTATAAAGCAGCGTTTACG	0	0.7752055971052693
seq730	TACACCCGGACTGTGACATAGGCCAGCACCGCTATGACTACGTGTTTTAATAAACCCGCTCAAGAC	0	0.1657934465948906
seq731	GTGTGGTATCTCTGACCTGCTTCTTCGCTGAACTCCCGAGACCCATTGCCCCGTGAGAAACATACG	1	0.02956345025212659
seq732	GATTAATTACCTTTTTGATGCCGAACCCTAACGCCTACATAGATCCGGATGAGCAGGTGCGCATAT	0	0.3629882568687186
seq733	ATTCTGCGGACCATAAATTTCGTGTACTACTGCAGCCTGCCTAAATCATTGTTGCCCGTTCACACA	1	0.6986774074501741
seq734	ACGCAATTCGCTTGACTCCCTGTATCTGGATTTGTCCCTTTTGACTCAACACAATGGAGTGATACG	0	0.8814336963460954
seq735	ATAGTCCCATCAAGCGGATGCACTGTGGTTATCGGGACCATGGATGGATCCACGCAGCACGAGTTC	1	0.38619415922141254
seq736	ACGATACTATTTAGGTTGAGATGCGGGCGCTTTCAACAGGTGAACATGCAGCGAACTCGACCGATA	1	0.6895257043017345
seq737	GGTACCCAAGGAGATCACAGGGATTCTTCGACCACGTAAACGTAGCCTGCTCATATTCCGTCGTAC	1	0.4184997051059923
seq738	TCGTGGTCTCGGATTAGTTGACTGGGAACCGCGCGAGCTAATCTGTCTGGATCTACAAACTGCGAA	0	0.4608385836688844
seq739	CAGTCTCATGCGGAAGCTGTCACACATATGCAAGTGGCTGAGTGGGTACAGGCGGGAACACTCGCC	1	0.7756652528556215
seq740	TTGGATTACTGGGGTATCCAAACCAGGATCGCATAGAGGAATGTGCCCATCAGCTTAGGTTCTCGC	1	0.6452100675715856
seq741	CCTAGGAGCATAGTATCCGTTTATTCGCTGCTTGGCTCCGACTATGAGGCGTGGGAATCGGATGAC	1	0.43167648414506765
seq742	TCACTTGACCTCGTGCTTGTTTCATGGTCGCTTAAGAGGGCTTTGCTCTTCTAGCAAGTGTCGCCC	0	0.24868667752005202
seq743	CATCAACGAATAGTGGCAACACTCGGCTATTGTGCTTCACGCGCACTCACCACAGACCTGGCGGGA	1	0.42532182888821957
seq744	ACCTTAATGGCTAAACTGTGGGTCACCCAATGTGAGCATGCACGAATATCTACGCGGCGCCCGGGG	0	0.6254782946591125
seq745	TGTTATCCACGAGTGAGGGAGTAACGGTACAGGTCGAGGATGTCGCTAGGTGGCTGTTGATTCTAG	0	0.4479369496463851
seq746	TGATGCTTTTAACCCCCCCTCTCTGAAAGGTCATCACCGTGTTAGAGTGTGGATTTCTTTGGTACC	1	0.890095501020753
seq747	TAGCTATAAGTCTGGGACCCCGTGCAGTTAGAGTCTGTTCCGGGATTACATCTAGCTACTCGGTGG	1	0.5633035541852683
seq748	CAGAATGTTGTCGGTCCTGTATTCAAAGGATGGGTAGTAACGAACCGGAGGCTATAAATGAAAGCA	1	0.9746482008380373
seq749	AGTAGATGTGAGATTGTGAAATTCCACGGTGTCAGGCAAGGTGTTGTAGGAACGATTGGACGGTAC	0	0.9371789870361769
seq750	GCTCTGACTCTTCTCCTGTCAACGTGCCTGCGTCGATTCTGCGTGGACTACCTCATAGTACGCAAA	0	0.6853681444912816
seq751	ATTTGTGGGTAAAGAGACGCTACCCCTGTGTGCGAAACTCAGGGCCCCTTCCCTTTCACCCTGGTA	0	0.24734381314620357
seq752	AAGGGCCAACATCCCTTTTCATCGCCGCGTGGAAAGGTGACAAACCGTGGGGATTCCCCGATATAA	1	0.7456182117697409
seq753	CATTAGTTGGTGGTGGCCGACCTGTTTTGGTTACGACTTCTGGGTTGGGATTTCCCGCTGTTTGAC	1	0.7726443008212683
seq754	GGGACGTTTAGGCGTCCAAAACTTGGACTTTCCGGGTCTTTTCGATAATTAACTCACCTTCCTACC	0	0.38742873245046283
seq755	GAGACGGAGGAGCATCATGCTTCCCGAGACCTAAACCGAAGGGAAGTTGATGCCCTGTACTGCGAC	0	0.123278020628106
seq756	GAGATTAGGTCCTGGTGGTCGATCGTGATTTAGGGGGCGCGTAAGCGGATATGTACTTTACCGATC	0	0.8505665871212664
seq757	GTGATAAGAATTGAGTGGTAACGCGGAGTTACCGTGTTGAAGGGGAGAGCTCCACAGGGTGGCTGA	0	0.644395108441478
seq758	CGGCGGATTATGTCGGTGGGTGGGCAAGATGGATGATCTAAGGGGGAGCGCCAGTCAGCGGTCCGA	0	0.9742929361748667
seq759	CTGTGGAAGTCTAATCATCGTCTTATACCCGGTGATGAGCCTTAATATAGATGGGAGACTGCTCTA	0	0.7679934535940915
seq760	TCGTTGACGCAGCACCGTTTTATAGGCGGAGGAGTTCGTCATGTTTCTGAGTTTTCCATAAAAATG	0	0.618779411468337
seq761	CGGGATTATTGACAGTTACTAAGGAACGCTATCGATTCAATAGGTAATTGGGGCGCGTATTACCAT	1	0.6431548448986747
seq762	TTCCCAGCTCGATCTACAGGCCAACCTTGCAAGTAATCTCTTACTTTCTCAACAGTCCGTCTTGGA	1	0.1551476635999114
seq763	GGCTTGAATCATTGATTTGCGCGTGAGTGGTACTTGTCACAGCGCTACGAACTCCGTGACACGCGC	0	0.7629542406129769
seq764	GAGAGACAGCTTTTAGTGATAGCACCGATTTACCCCACAGTTCGGGCCAAACGTAGGTCTGTATTA	0	0.9226731978932254
seq765	CAGATGGCCACTGTGGCAATGACTTCGGTTCGAACGTCGCCATCCAGAATTACTTCCGATAGACCT	0	0.6151913573371885
seq766	ACCCGCCCCGGGGATAATCTGACCAAGCAGCGCCGTTTTTGGGCCGTCTAGGACAGTGCCGAACCA	0	0.1601744877097121
seq767	ATATCTGTTGCGGCCGTTGCAAGGATATGCTCTAATGCCTCAGAGGACCACTTTCAGAAGGACCGG	1	0.33586601278648276
seq768	CTTCGTGTCTTACTATTAGAACGACACGCGGAAGCGCACTGGAACGAAAATCAACAACCGAGGAAT	1	0.7713063367523832
seq769	TCCCCATTAGCCTATTTCCATTGAGGTACATCTCCCTTGGAAACGATAGTCTTAACCCGCCAACCA	0	0.8846152705850828
seq770	GAAATAGCTGAACCGAAGGAGGTATTACATAATAGTTTGCAAATCCGATTGCTCGCCTTCTCAAAG	1	0.03399244916548938
seq771	TGGACATTTCGAACGAAATGCGGATGTTCTGAGTGAGTCTCGGTGCAATCGTTTTATGTCTAGCTC	0	0.9101400136611852
seq772	GGTTACCGCAACCCACGACCTACAGTCCCCTTGCCGTGAAGGATCGCCGTCTTTTTCTTTAACCTG	0	0.1352727325734111
seq773	TCGTGACCGTACAGCACATAAAGCTACTAGAGACGGGTACAGGCAACAGCCCCGCAAGGGATGTAG	1	0.7868342458354981
seq774	GTTGATATCACGTGTCCTACCGAACGTTTAACAGGTTCCACACTCCTGGTGGGGCTGTCATAAAGT	0	0.2631833875327795
seq775	CATAGGAAACTGCAGTTTGTTCAGGAAATTGTTATCTCGTAAGACTTTTTGACGTGCGTTCCGTGG	0	0.5854983133209365
seq776	TCAACTTGTTTTGGTACGGGGACAGGAACCCTAGCGTTCCAATGGAGCGAATGTCAGTCCCCTGAA	0	0.6658914210207393
seq777	ATCTTCTAGGAGCGACACGCACAAAGCGAGTCTGCCCGGCTACACCAATAGCTGCGTCGAGTGTGT	1	0.4269214356269867
seq778	ATAAGGACTTAGTTGCTTTTCTTTTCTCTTCTGTCGCGTATCCCAACTGAGGACAAGTTGGTGAGT	1	0.4173431302131112
seq779	TTGGCCTTATAAGATATGATTATGTGGGGACATATCTTGGGATTCGTATAGGTGTGGAGCTTTGAT	0	0.5932460565618038
seq780	TATCACCACACCTACTACACGGAAGCAAGGGCATGACTCTAGGGGTCACGTTCAGCTACCATGATA	0	0.07080202118724832
seq781	CAAGTTCTCATCTACGAGTCCTGTGTGGCCCTAACTAGAATTGTAACCCTCCTACAGCACGCGAAC	1	0.09468113576450832
seq782	CACTAGCGCAAAACGATGACTTGCAATTTCGGTTAGGAGATTAATGAATTGAGTCGCGATAGGTTC	1	0.2912654769198725
seq783	CCCGAGTAGACATCCGTATTACCGCTCCAGTTAGGCTTCCCCCCCGTAGCCGCGAATACGGCTTCT	0	0.051552413994307766
seq784	TAACGGGCCCAACAGATGTAGAATAGCTGCGTTTGCGTAAAGATTCGCTGATACGTACTTGAGATC	1	0.2056949869309087
seq785	TCGAAGTCAACTTTCGGATTTAACTACACCAGGGATTGAGGATCGCAAAGTAGTGATTGGACTTCT	1	0.8198479123845276
seq786	CGGCTGTTTCACATCAGTTTAACTTACGTACTTTAATAGACCATCCGTCTCGATACGGACGGGGTT	1	0.5096857995333306
seq787	AGTTCGCGTCTTGTTCGACCTCACGCTGAGGCCCAACTATTTGGGCCTGAATCAAAGTGACAGTGG	0	0.7174744509492993
seq788	TCGTTAACTGTATTCTAAAGTCAAAAGGAGGCGTAGTCTTCTCTCTATTTTTTTTTCATAAAAAGG	0	0.16975224504222552
seq789	TTATAACGGGGGGTCTTTACGCAAACGTTTCCACGGAGGTGACCTAAAATTCAGATGAGGCCATGA	1	0.4987294659551349
seq790	TTAGCTCAGCTTGACATAACCTTCCGGTTACTTGCCGGTATCTGGTTGAAAGTGTTTGTTGATGTG	0	0.5081068679159235
seq791	TAGACGGCCCCGGACTCCTGCACTCCTAAGCATTACTCGGATGTGCACCAGGCATTTGTCCATAGT	0	0.3439727250910929
seq792	AACTTACAATCCGGATGGGAGGGGATGCTCTCTCATTGAATGGGATGCGATTAATGGCGTTCGCTT	1	0.16766106914625956
seq793	AACGACGCCATAAACATGATGGTAAGCCACCGTGTATGCTGCGCAGACATGGCTAGTAGGATGATC	0	0.8048503929404484
seq794	CCATGGCCTGTGTCCTTAAAGATAAAAACGACCAAGGGACCTTGACCACGGAGGTTTTATATTTGA	1	0.046611195330839905
seq795	TGTCTATAGACATTAAGCAAGTCATAAAGTTGACTATGGGGGAGTCGCCGATGGTTAGGGAAATGT	1	0.7383146579921022
seq796	GATCCGTAAGGCGCCCACTAAGACGACCTTTACACGCACACCTGTGACACACAAGGTCACAAGATG	0	0.5421725170899606
seq797	CTGTGTATCACGCGCGGAGCGGATGATCTAGCAGCTATGGGTCTCCCTTCTTATAAGGCAGAGTCA	0	0.3613112510531772
seq798	CATCTAAAAGCCGGCTGACCCTAACTTGATAAGTGCTTCGCAATAGCGACCTAACTCGACGGCGAA	1	0.05257854234320902
seq799	CCTGAATCCTAACGGCGGGCTGCATTTCATTTTTGATCACGATATAGGTCGGCCTGCGAATCGGTC	1	0.8076335650796557
seq800	ATCCAAGTGATATGCCACGAATGAGCCGACTGTCAAACGCACTACGTCAAGGGTACCTACCATCCC	0	0.07063321128406885
seq801	AATCAAGCTTCGAAGTACCTGAACACTCCGAAAATGAGCTGTGATCGGAGGCACCTATCCTCTTCA	0	0.2854923501842421
seq802	GCCGATGCGCAGGAGTCCAGGACGCCACGGGAAAGACGAAACCGCTGGGGGTGTCCACAGGGGCTG	0	0.9213570106792885
seq803	GCGAGGTCTCACTCGGGCATCTACGAGACGCTAGGACCTATGCTGGTTGTCCACTGCACTAGAGCA	0	0.5548869767901439
seq804	CAGGGGCCAAGTGGGATTGTCGCTTAAGGAGTACGAACGGTGAGAACACATCCTTATGGCCCGGAA	1	0.9980372822708568
seq805	GATCCTAGATCAGGAATTAACACTGTACGAAGCAGTTACGTAACCAGTTCCGCTGTCCCTGTCCCC	0	0.21813898134081566
seq806	CTTTCGAGCTACTCTTTGGTTACAGTATCAGAAGTACTAGTACTGTTTATTGACACTATGCAGCAT	0	0.9535235388682514
seq807	TTCAAGAATTACCGTTATTCTTGCTGCGGGGAAGTGCTGGCTTGCCACAACGGTGAAGACCAATTA	0	0.7593022402795594
seq808	GGTTCGGATCAGCAAGCCGCTGCTATGACACAGAATCACAAATAGCATTTCATATTTTGAATGAAC	1	0.24063456854211696
seq809	GTCACTTGAGGGAGTTACTAATTGATATGTTTCGGACTGGTTCGCCTACGAACGATCATGCAGTAC	1	0.13507627683416268
seq810	TTTCAGAAACGATCAGCGTCCTCGGCAGCGGCATCCATCCGTAGGTAGTCAACCTCACGATTTTGT	1	0.6714557310199469
seq811	AAATGAAAAGATTCGGTATGCTTCATTACGGGCTTAATCTGCCCTTTAGAAAGTATCGAGTACAGT	1	0.910930109360969
seq812	ACCCGAAGCGGTGGATATTAGTTCCTGTCCCCGCCTATCCTCGTAGCCCTCACGTCTATGTCGATT	1	0.9380109025375112
seq813	AGCGGTAGTATCAATCGAGTGCTAGTAGAGCAACCGGATTTCCAAGGCTGAGCTGGCTCCTTCGGG	1	0.09110454802034329
seq814	TTATGTGCACTGCATCCTGTTGGAATTAGCAATTAGGTCTGGCTAACATGGATAGCAGTGTCAACT	1	0.7732355758267242
seq815	GAAGTTAAGAGCAGGCGTAAATTTGCTACCGAGAGTGGAGGTTGAAAAACCAGCAATATGAGACGG	0	0.9506588326706977
seq816	GTCCTGGCGCGCCAGCCCTTCACGCTGGCCTCCTAGGTAATATGATCAGCCCTCTGGTACGCGCTC	0	0.47893775568236185
seq817	GGGCGGCCGCATCCCGAATTACCTGACCAGATAATCTTTGGCGGGTCACTAGTACGTAGGATTTCA	1	0.5366450156143435
seq818	GAACGAAGTGGGACCCAACGTACAGGCCATCTTTCCTAACCCGAGTGATTATGTCCTCCCAGTGTT	0	0.031005462606864764
seq819	AGGCAGCTGCGATTGTAGAAGACTGCGCTCACAAACCGCCCTGTGACTTCCATCAGTTTAATCACT	1	0.33773161480511904
seq820	GAGCAAAAGCCGTACACCAGCATATTGGAGCCATTAACTGGAGCCTCCATGGGTTTAATTGCGTCG	1	0.34137772289793644
seq821	CGAACCCTAAGGAGATAGACGGCCGAGCGAAGGACTGCAAAAGGTCCTGAACCATGTGTATAGCCA	0	0.03640079144477382
seq822	TTATTAGGCTCATCTACTTCCTGGTGCGCTAAACACAAAATGGCGTTGAGCTGATGACTTCTAAGG	0	0.3545517915197932
seq823	ACTGGATCGAAGGCATAACAGAGCTGTCTAGACTTTTTACACAGCGTCTAGACCATAATCACACAC	0	0.7784942257841924
seq824	AGAGGTGTGTGGCTTTCCGGGTATCCCGTACTGCGAAGGCGCCGGGCGGGTCGGTCATGATCACGC	1	0.33473597903642616
seq825	GCTCTCGTTGAGGGAGACTTGGCTCACGCCACGGTAAAGAGGCCTGGCCTGACGTATAGTAGTTGT	0	0.15350200234474398
seq826	TCCGCTACGATTTTCTACTCTCGGTGAGGACGTTCTTGAACCCTCCGAAGGATAAAATTATGTGTC	1	0.21471452311081685
seq827	AAGCCCCGCGCTTCAGATAGCGACACAACACGACGTTAGCGTTATCTAGTACTGAATTATATAGAA	0	0.7091016820863414
seq828	CTAGACAGGGTTCCCAGCAAGTGTAACGAAAAGATCAGTCCATAGTGGCACAAACTGCTTTCGCAT	0	0.9265378276856153
seq829	TTGCAAATGTCAATCCTATCTGTTAATCCACCTGAGGAAACTGTGCATACCGAAAGTTAAACAGAG	1	0.0674380537622098
seq830	AGTGTCCTAATATGTATACATGTTTTCTGATCTGTGGTCGATCAAGTCGAGGAAAGGCAGGCGACC	1	0.9033021610641109
seq831	GGGTAGCGGTGAAATGACCCGAATGCGGGTTATGACAAACAACGGATTTGAGGTACCTGACACCAA	0	0.6293999427286936
seq832	GCCCGAGTAGACATACACACATTTTCTTCATATACGCGGGTCGATAAGCACTTGAACAGATGAAGG	0	0.28166107397385276
seq833	TTGACCACGATATGGCAACGGTCCCAATACGACGTGAAGAAATCGTGTCGTGCCCAACAGCTAGGC	1	0.17373938572231695
seq834	ATAAAAAGGACTTCGTGGAAGGGATGGCAGTGATCCGGTGCGATGTCATTCGCTTGCGTGGCGTGC	1	0.5948096137408959
seq835	CCGCCGACACAGATATTAGAGCCAACTCCTTCTTCGCACCCTCACGCCATTGCGCGCTAACCTGCG	1	0.2896862458061865
seq836	GCGCTGTAAAATAGGTCTTGTAGTACCACAATGCAAAACCAATGCGATCCCGTATAATGATAGGAT	0	0.05371220759176365
seq837	ATCGCACGCCTTTAGCGGTTTTGCCGCAAATGTGCTCCTGATCGATACACCGATTTTTCGCTCGGT	0	0.5443659750283086
seq838	CACTGGTGACGTAGGCAGTCCCGGGAACTAAGCTAGGCAGGCGTCCCAAACTAAGGACCTTCCGTA	0	0.25109367554814077
seq839	TGCCTTAGCGGTCAAGGATCTAATGCGGCCGGACGTTTCAGGTGAGTTCGTCAGTTCCATTCATAA	1	0.7420771007716157
seq840	AATCGCTGCCTCATTACTCCCATCGTCCATGGACAGCAACGCACGTCACGACGCCCTAGTTGGAAT	0	0.3669917247091027
seq841	GCTAACAGTTCAAGTCAGAACTAAAATCTGCGCCGTGAAAGCGTTCTGGCTGGCGTAGACGGTGAA	1	0.8169628579726909
seq842	CATTCCATCCCGTATAATCGGCAAGATTCATAAATTAATTTTTCTCGCGCGTCTGGCCCCGTTTGA	1	0.681866241805187
seq843	GTCGAAGGTCGGTCTCAGCTCCGAAGTGTTCTCACCATAGTCCATAAACTAAGTGCTAAAGAGTCT	1	0.6233103682820008
seq844	AAAACTTAACAGGCGGAGACAATGCAACAGATGGTGGCGCCGTCCTCGCTGGACATTTGGTCTTAA	0	0.6220131077616988
seq845	GGCACCTTCACCGAGACGCTGATGCCAGGCATCGGAACGATGGCGAGAAATGCCTCTCTCGCACCA	0	0.5248834999180322
seq846	ACCGCTGAACCTCCCCGAGGAAACACACTGTACAATCACAGTCCGGACGAGCCGTACCGAATAAAT	0	0.1031918357382311
seq847	CTACCCTTATTCGTAAACCACAATGCCCAGTGTTGCCAGTTCGTTCTGCATAACCAGGTCTGACAT	1	0.20175580598896603
seq848	TAGTCAATCGTTTAATAAGTACTCCAGTCAGACGAGCCGCTTGGATGGCCCGTAGGCCGGCTCTCC	1	0.8659938225957663
seq849	AGCGAACATTATCGCCTACTCTTAGTTATCGACTTATCGCTAATAAGACTCAGACGATGATTGAAA	1	0.38659092915578297
seq850	GAGCTTCGTCTTTGCTTAGGTAATTAGCATTAACTGAAGGGTGGCATTCTGTGACCTATAACACGT	1	0.9652464906914366
seq851	GTAACTGGACACAGCAGACTTGTCCGCCTCGGGATCGAACCTTACGATTACGGCCTGAAATCAGTC	0	0.4594919885492883
seq852	CGAGCAGCGTGACACAGGTGGATCATTTCAACACGGTCATCCTCGCGACATCCAGTATGCCTCTTC	0	0.2983347091769806
seq853	AACTCTTGGAACTACACATCGATGGGTTAGTCTATACATGATCTTCAATTGCCTTCCGGCTTCGAC	1	0.8088577655883378
seq854	TCTGACCATTGCGAATTCAATGCGCATACGATACGAATGTGGGGGGGGCATCGTGGATTGAAAACT	1	0.3221927310201679
seq855	GGTGAAGAAAGCCAGCACCGGTAACGAGGTCCGCCGGCCATGATCATGCAACGTGAGCTAAAAGTC	0	0.43884426009979205
seq856	CCTCATTATGGTATCATGTTTCCCGCACATTCAATAGATGCTGGCACGTTCATGGTTCAGGCAGGT	1	0.7772586624239592
seq857	GAATAACGTTCATCGCGGGTATAGGCGACTGGTGTCGGATTGAAGATATGCACAACCAGATATTGT	1	0.9667489595514169
seq858	TTAACTGTGTGGCAATGTACGCGACCGCCGAAGCGTCGCAGGATGGTCAGATTACGGGTCCATCCA	1	0.36646392274547346
seq859	CTGATAAAAGATCCATTCGAGACCCGGTATTGGACTAGCATCAGTGTGGCATCACGCGAGCCCATG	0	0.645399795172944
seq860	CTTAGGGCCCCAAGCCACATCAACAGATGCATAGGTGATCTCCGGATCACTCTCGATAATGACCCC	1	0.6783334906621745
seq861	CCTATTCTATGGCCTACCAGAGCATTCAGAACTTCGATTCGAAGCCCCACTTGTTCAAACCTACTC	1	0.13681162297484073
seq862	TAGAGTATAAACGGGATTTCGTAATGACCAATGAAGTTTCCCGGACCCCCATGCATTGAAGGCGCA	0	0.980649794376581
seq863	CAGCCAGTTATCTGTTTGTTCTCCTATCGTTTACTTGGAGTCAGGTTTAGACGCGTAACGTGGAAG	1	0.005206332832296989
seq864	CATGAATAGCGGATGAGCCACTTATGCAGGTGTGGTGTGGTATCTGTCAGCTTTTAGGATACTCTC	0	0.7161594831776024
seq865	AGTGTGCCTCATGACGACTACCACATGGCGCTAAAGCAGTTGTCTGCCATGCTCACAGTTCAGACC	1	0.652768551643569
seq866	ACGGTCGGGTGCGGTCTGCCGACCCAGATCCACAGATCGAATGGCAGTCGTCTAAGGTGAGAGGAG	0	0.9505498100141928
seq867	CGGGAAAGCGGGTGAGACATTATGGCGGTCCAGACGGTTGTCTAATGGTTGGCAGCCTATTCGGAC	1	0.43017458535395225
seq868	GGTGTCCGTTTTACCGGGGGGAGGCGTGAGGCTAATCCGCCGTAGCAACAAACTTACCAGCTGCCT	1	0.8387252902822655
seq869	CAGCCTAAGGTGAAGCACTCGTCCCGTGCATCCTCAACCGAGTAACACGTCCCGACCTCGCTCTAT	1	0.24751599067683328
seq870	ATACGGCGATTTGCTTACGCATAGGAGAATAGCTGGGCCGATATTGAGTATGGCATCACCTTGCCC	1	0.09325074201221839
seq871	CAATGCGTACACAATGAATTTCCGGGGAACGAAGCCACTATACAGAGACCGGTTATAAGCCTCACC	0	0.2374873780040514
seq872	TTCCATAGCTACACCATGAACAGCGAAAGCTAGAATGTTTATTGGCGGATATGGTTATAAGGGGCT	1	0.26789642129312763
seq873	TGGCCAACTCGAAGATTCGATGGTGTATTAGTCCACCCATTTACGGCAATTACCGGGAGCTTCGAC	1	0.007995296666590823
seq874	GAGGTCACGCATTGAGTAGAGTCGGCGGGTTCTATTCTAAAGTTTATATGTCACGCGCAGGTCGTA	0	0.35229552403418996
seq875	CCATAACAGAGTCTCGTTTATATCAAACGAGAATAGACCGTTAAAGTACCTGACTAACAGTGGATT	1	0.30056889719195456
seq876	CCTGATTGTCGCGATGCGAGAATCGTCATTAGACTACCTCAGGCAACACCTTCGCACCCGGAGTTA	1	0.7879909146738955
seq877	ACCAGATGCAGTTAACCGGGTACCGCTCGCATTGGCTCTTAGAAACAACATGCGGCCATTGGCTGT	1	0.9214501320303264
seq878	ACCCATCCTGAGAAATCTATGTTGGACGATGCATCTGTAGAATTTGTGTAAACGATACATTATGCC	1	0.4337693895894522
seq879	TAGACAACTCACCACCAGCAAGTAATGACTCTTTAAGCGTCCCATTATCGCTGATCGCTATTTTAC	0	0.8532276836338777
seq880	TGGGATTTACACGAACAGTTAAATTAATACTAAAACAACAGTGACGCAGAGATCCGCAGAGCAAGT	1	0.7481057709378977
seq881	CCTGAGAGAACTTATCTGGCCCGTCTGTAGCCATGAGCCCACTTCCTACGTGTTTCCTGTGACACC	1	0.3912254110334006
seq882	CAAATACCATCTAGGCGAGGGAGCTACACGCATCCCGACAGAAGCCATTGTATCACAGCACCACAG	1	0.6040531951754238
seq883	CGTGCAGCTAGAGTTCGCCCTATCATATCAGGTGGCATAGACCTTTGTCCACTCAGGCTGTGTGCA	1	0.8448959543348445
seq884	TTCGGTATAACATGTTGGCGCGCTTTAACTTCGGGCTGGGCCTGTCTGGGTCCGCTATGGTATCAC	1	0.8548060864491538
seq885	ATCAAGTGTTCTCGGTTAGGTGAGAGCGCCAGGTGTAGCACGGTTGGGATAGTGCAAGCGACGGCG	1	0.6966331085237272
seq886	TCGCACCGGATTTTTGCAACCAGACCCCACACACTGCAGAGCCGTATTAAGTAAGTAATTAGCCGA	0	0.9242973654767568
seq887	CGTACACCATCGGGGGTGAGATGGCATGCTTGCACAGGTATCCTCTCATCCCGTAAGTTTTGCGTG	0	0.26011939276799656
seq888	AACATCTTGTTCTGCTTTGTGTCTCCGACATGACGAACCCATCATTAGCTCCGACCCAAGCCGATC	1	0.2835949331527362
seq889	GCCTTGGAATCTTGATGTACTTTAACTGACGATTACGAAAAGCCTTTTTCCCATAGGCTAACGTAT	0	0.5848935825474229
seq890	TTAATCCTCCATAGAGTAGGAGCGTGCGCAGCCGTATAAGTGTACACAATATACCGATCTGGTACC	1	0.7975510914994518
seq891	TCCAATAGGCTGAACGATCCTTTCCACCGCTAGGATTACTGTCCAGGTTCACCACCATTGCTACTA	1	0.4777282909688003
seq892	TAGACACCTCATTCGTTGTCCCGACGGCTAACGGCGCGGGGTAAGACCCGCAGGCTACACGTCTAA	0	0.42405338724339803
seq893	ATGTGGGACCTCAGTAAAACGATATTTATCATTTGCGCCGTATAAATCGCAGACATCAGCGTCGAC	0	0.15945978968600516
seq894	ATATCAGTGTATATCGCAGCACCAAAATATGATCGCTATGAGCTCTATACGAGGACAAAGTGTGTT	1	0.6110220393632368
seq895	AATATCCGAGGCACACTATAGGAATGGTCCAAAGAGCTGCCTTCTCGTTCATATCGCTTCTCACAC	1	0.2564687445854059
seq896	TGAGAGTTACGGGTATAACCTGTATCCTACTGGACCATGAGCTTTCATGCGCGGTAAGGAGACCGG	1	0.24599551529453678
seq897	ATCCTTCGCTCCGTAAGACTAGGGAATACCTACTTGGAACGGGAAAGTTAACTTGGGCTTATATCA	0	0.4167278048878199
seq898	GCTTCGTTATATACATCGAGTGAGGTAGATTGGATGCCGCCTATAGATGCTACGGGATCGGTCTTG	0	0.5318533258983913
seq899	CCTTCTGTAGGAGACAGAGCACAGCGACGTCGATAAGGCCTTTACCCATGGAGTCTCATTGCGTTT	1	0.05316344532718309
seq900	TCGTTTAGTACATAATACTGCCTTGTGCAGAACCATTCGCTGGTCCCAGTTTGATTAGCCAAGGAA	1	0.23006224977312095
seq901	GGCTTACGATTCCTACGTTTTGCGACATAGGGTGGTTTCTTATCACATAGATATATTCAGATATAT	0	0.2045088845669708
seq902	TCGTGCGATACTGAATACAATGTGCACAAGATAGGGAGACTATCAGGACATGCAAGCGTCTGTACG	1	0.34547981963268537
seq903	GTGAAGAACATAGTCTGCTCGTCCAGTTGCGTAGAGCAGTTTTGGCCAAGAATTTCGGCATTCGGT	0	0.2300223852928145
seq904	GGCAGGGTGTAATATGAATTATGGAGGGGGATAAGGCAAACGCGAAGACGCCGTACCACAATAACG	1	0.15060507338213414
seq905	ATCCGCGCACGCCGTTGTCCCCAGGGATCTCCGTGCCTAGGGGGCTTAGGGCTAATAACGAGTGTG	1	0.9944939992633947
seq906	CGGGTTACTCTCCCCGGGGCTGAAGTTCTAGAAAGGACGATTGAGGGTGACTGTTTGCGCTCTTAT	1	0.4466937206742133
seq907	CTGCGTATAGCCGCCCGCTGAGAACACGCCACCCTCGATAGTTATTGTGTAAGACTCTCTTTACTG	0	0.5996885880705422
seq908	CGACGGGACCAAATTCTGCGGAAGCGGCAATGTTTCCCAACCCCCCAGGTTAGTAAACCAAAGTTG	0	0.8777389066276701
seq909	CGGGTGGGCTCTGGCATCGAAGTGGTTGTTTGCCATTATTATTGGCGGCCATGCATACAATACTCC	1	0.008411055937954881
seq910	CCGAACAAAGTCTTGCATATTCCGACTATAAAAAAAAAACACGGCTTATTCTGGATAGTAGCCTTG	0	0.17589752884284293
seq911	AATTGAGTGGACTGTGTGCGGGCTAACATCGCTCACTACCATCACAACGGAATTACCAAGACGCTA	0	0.345563423747123
seq912	TAGATAGGGATGACACTGTTGTCATTCAGCCCCTGTAATCAATCGGGCTGTGGAGCATCGCAGCCA	0	0.05124374743748994
seq913	CTAGATGGTAGGCAAACTTAGACGCCCTTAGCAAAATGCGTTACTGAAGAGCCTGGGCCCAAGCAC	0	0.8239450105753133
seq914	TGTGTTGTTAAGTTACAACTGTTGCTCCGCATCGGCATCATTACGCAGGTCAGGGGGACTACACAG	1	0.8111697302318824
seq915	CAAGTACTATGCTGGATTCTTAATGGAATGGTTCTTAAAGCTGACTGGCTGTTAGAAGGTAAAACT	0	0.6012108767700274
seq916	GCTAGCGTGTTCTCCCTAAGAGTGAAGTAACGCTAAAGTTGACAGGTTAGCCATTTGCCGGCCTCC	0	0.46224337820918937
seq917	TCGATAAGCCAAAGCATCGTCGTTACGGATAGATACTTTTAGCTAGGGAAAGGTACTCCGGAACCA	1	0.9445684895596991
seq918	CGGGGGCCCATGAAATTGATCCATATTGCAATAAAGGACGGAGAGATCATGAATCGAAGAGTAGCT	0	0.7660570879222406
seq919	CATGATGCGCGCACATCAGAGGTAAGAAACCTACTATTTCCCGGCCTTGGTCGTCTGTTCGATTAG	1	0.6846083355919201
seq920	TGGCATGACCCATAAGATAGACAAAGCGTTCAGAGACTCGCCATAACCTTTCGAATCCAGTCAAAA	1	0.5537739989917392
seq921	ACGGTTTGTACATTAGCAATGGTCCGTGCGCCGGGTCGGACCACCCGAAAGCCAGGGAATCATATC	1	0.17417947937759293
seq922	AAACGGCCTTCGGCAGCACAAACTACCTAGTTTAAGAGCTCATTACGTTCTGGGAACCAGATTGTG	1	0.983767016392228
seq923	TCGCAAATCGTCACGAAAGTAGCCGCGGGGACACTAGGTCCTCAGATATTATACCCTGAAACTCAC	1	0.07062401775364324
seq924	GCTTACCTACGTGAGGTACCGCAAAAAGCACAGATAGAGAATGAGGAGCATGACGTTCCTTGAAAG	1	0.42992133824492673
seq925	GATGCGTGGCTGCACAATTAACAATGCTATCGGAACTGTCGGTCTCCAGTATGCGTGTTATTTGGT	0	0.06590324961826044
seq926	CCCGACCTAGTACAGTTAAAAAATGCGCACAGCCCGTTCGGTACGTTTCATAAGGGCCAGCGAGCC	1	0.0400004907758158
seq927	GAGAAGGATGACTGGCCCCAGTTCTAGGACAGCTCTAATATTGTTATCTGCCGCGGCCTCACGCGG	0	0.5031303937756778
seq928	CTGGCGTGAAACGGAAGATTGAAAGCGAGTCTATCGTTGTCGATTAATTCGTCGGAACACAAGGGA	0	0.7892710422285182
seq929	GAACCGGCAGGCTGGGCGATTAGTACCGGCGTCGTAGCACGCACGCCCTTGCCAGCGATCAGCATG	1	0.6922559924482111
seq930	TAAGCGAAAAGGAGTATTACACTGTTAGCAAGTAACTATAATTGCTACGGAGCCTAGGCCATCCGT	1	0.005768257062040982
seq931	GAATTTGAGTAGTCGGGAATCAACGGATCGCTCGAACGCCCGAGAGGCGTGTTTCATACTAATACT	0	0.5746175372457335
seq932	GCGTACGACCTCTAGGGTCGAAGGAATGGTATACGTGGAGAGGTTTCAGCCCCTGAAAATCCTCAC	0	0.07282670528568391
seq933	TTGCGGTCGAATAACAACCACGTCACTTTAACGGCCCTTCGTTTCTTACGCGAGATGGCTCATCTG	0	0.5355014187180867
seq934	CTAGGGACATATGGCTCAGATCTGCAAACGATTACTTTGGCCGAGACGCGCGGCGAAAATCGTAGT	1	0.020333417895416095
seq935	CAATCCACGGTTACAACTAGACAATGTCATCGGCACTTCGAATAAAGTGGGATCCAAGAGTAATGC	1	0.04534764814254588
seq936	CTCATCGCTATCCAAATATAAGTAATCGTGTCATTACATGTGACATACTCATCGGGTCGTCCGAAG	1	0.5529719578635302
seq937	TGGTCTAGGGGTCGACGATCCGGGTCGGTTTAGCGCCATAAGCTGTTAGTAAACAGATAGGTGATT	1	0.8022383557003913
seq938	CCGCTCTTACGTGCATGTGCGCTCATTTACGGCACTTACGGCTTCAGGCTGGTTTCGGCTAGGAGA	0	0.6264580621702643
seq939	GACTCCATGTTACTAATAATTAGATGCGGACACGAACGGCTGTAAGTATAGCCATGTGAAATGCTG	1	0.8563120391699129
seq940	TTGGGGATTTCGACGCGGAATTTTGTAAGCACGGATCTGTAGGGTCATAATTTCGCAAAATGCATG	0	0.49621672838624575
seq941	TTGACTGCCCGATATTAATTGAGTGTGATATGGCCTATCACTAAGGTTAAATCGTGCAGCTCTGTG	0	0.26265194737967823
seq942	TTAGTGGCTTGATCACTTTAACTCGAATGAACCCATGTCAAAGTTCCCCACAGCGAGAGTTCTGGG	0	0.7749166511090614
seq943	CCATTACTTGCCGAACGGATAGTCAATATATTAAGCGTCCGGCCCGGATCCAGAGTACGTGCGCAA	1	0.5201304114434017
seq944	GAATAAATTTAGTACGAACGTCCCGTTGCTCTCCTAATAACTGGCAAATTATGCGTGAGTCCACCA	0	0.3558364563827833
seq945	CGTATGAGCCCTGCAAGCATTTCGTGTTCAGGATAATCTATTGGACGCTAAAGACGGAGCAATTTC	0	0.44335939550686254
seq946	TGATAAGCACAAGTAGCCTAGCGCAGCGCCCATCCATCACTCTGGCTCTCCTAACTTTGCATCTAT	1	0.7668708372736388
seq947	AAGAGCTTCATCCACGTTCACCCGAAGTCATAGCAATTTCTCTACTGAAAAGGCATATCAGAAAGT	1	0.05482267312682931
seq948	AGACCGGGCGCCAACCCTGAGGTGAGAGACAGCCATTCAGTAGTAATCGATTGATGCAATGTGGTT	1	0.010962147034042302
seq949	AAGATTTCTCGTAGTGTAACTATGGTCGTGTGAACCATTGATGCCATTGCGGTCCCATTGTATTAA	0	0.8060789651469484
seq950	CCCGCATGCGGCGATCGCATTTTGTCTCGGCCCCCCCAATTTCTTTGGGACTCAACGCAACTCAAG	0	0.01713845071572817
seq951	CCATAAGAGGGTTGTCCACGCACGTTCCGTCGAGTTCCCGCCCAAGTCCGATATACGATTTTCATC	0	0.5539698306931706
seq952	AGAACTGATTCGTCCGTTCCTGCTAATGTTTAATAGGTTTGTAACGAGGGGTTCTAGATTGTTATT	1	0.9959285717039595
seq953	CCGTCATGGAACACCGGGCTTGCCGTCTCCAAAGGTTCTAAGTTAATGTTTATACACTCCGGCAGA	1	0.24853956325031856
seq954	GGCGAAAAGCCGCAGTTCTTGCTTCCGCGGCCCGGCAGGGTTGCTAGCCCCAGCTGGATAGCGGAA	1	0.5351909377322012
seq955	GGCCCGCGGTGATCCTGTGGAATAGTCGCAAGTCATCGGACGCCAATGCTCGAACACATGAGTCGC	0	0.33672209923237706
seq956	AGTCAATCTAGTTACTCGAGACATCACATGTTGAATGTCCGAATGACTAACAAGGTTTGGAAGACT	0	0.6784741602049237
seq957	TGATACCAACGAAAGACAGCTCCTCACTCTTATGAAAATTGAACTACTCATACCGTGTTTGCAGGA	0	0.8145036833894946
seq958	GTTAAGCTCAGACACCGATCAAGTATCCTTCCAGCCATTAACATCGTAGTTTGTGTGCAATCTGGG	0	0.84930238244725
seq959	AGCGGCAAAGCGTGGCTACGGAGTCAGTAGTATATTCATTGGGGCTGGTCACGCCCCACTTCGGCT	1	0.5387548557594022
seq960	ATGGCTAGTCCGGCGTCATGTAGCGAAAATTTGATTTCTTTGCCACGGAGACAAACCAGCAAGAAT	0	0.6704809210932595
seq961	CGAAGGATGGGAGCTAGGCGCTAGATTTGGCGAGGGCAATGCCCTCAGTCCAATATTGCGATTCGC	1	0.7121510418619695
seq962	CACACGACCTGTCGGTGAGTGCCGTACCCCGGGTTGAAGGCTCAGACCCTCTACTTATGTTAGTGG	1	0.7950202934180628
seq963	CACTCTTTCATCGTATAATCAATAATCCCTTACCGGAACGCGAAACCAGGCATGGCAAAATCCCCT	0	0.8985964321557177
seq964	GGACTTACGCTTATAGGATCTCTCGAATAGCCAAAGTCCCGATTTCCAACTCAATCACTCTATGGC	0	0.8332484541425434
seq965	TCACGCACTACTCTACCGTAGCAGTCTGGAAACCCCCTCTGAATGGCCCCCTCCACCGCCGGATGG	0	0.7033051932001112
seq966	TACGAGGCACAGAGACACAGGAATATACGAACGATCCAGGCATTGAAGGTTGCCTCTTAGTACGCA	0	0.09781682020203908
seq967	TAGAGACTTACCTCTCAAACCAAAATAGGATTTCAAATAACTTGCTTCACCACGGTTACCCGGGCT	1	0.4765872896581853
seq968	GAGGCCCCCTCACCTAATGTAGATCTTGATAGGTAAGGCCGAGTCGCGGGGGTCATACTATGAATT	0	0.35334519021681265
seq969	CTGCTAAAAGTGGCGGTTGTATCGAATACAGAGACTCGATCCTTACGATTCTTATTCTTGTAACTT	0	0.1507782298384427
seq970	CAACTAAATGCCCTAGATAAAGCTTCCATAGTTTGGGTAAACTATGGAATAAGCCAGGCATCTAGA	0	0.10588442807519127
seq971	CACTCACATTAGGGAGATGAGACTCAGACATACTGCATTCGGAACGTTCATGACGCACAAATAGCA	1	0.7879028582198584
seq972	AACGGTGCGGCTCGAATGGCTGCTCCGGTATGTAACTATGCACTTCTAGTTTCCCAATAATACGCA	0	0.3621946326990959
seq973	AATGTCGGCTCAGGACGCTAATTCTCTGACGTGTGAACCAAACGCGGGGACTCTCGATTTATCGGC	1	0.47546634049499237
seq974	AAGGTTTATCATAACAGTAGCCTGGATATCCCGACGACAGGATTTTGTAGCAGTGCCGCAAAAAGC	1	0.7089983903018844
seq975	TTTGGGCATGAAACAGGGTACCCAGCTTACGTGCTTATTGGTATTTACTCCCTGACGTAGATTGCA	0	0.5276763109885919
seq976	CACGTCACGGCGGCAGTTCCCAATAGACTCAATTGTTGAGGGGAGGATGTTTGGCTCATACCAAGC	0	0.5351645934921385
seq977	CTATTCTTCGTGGTCTCCGTCGGTTAATCTTGTGCCATAAGACACCCTCTAAAGTGCCCCCTAGCG	1	0.8209545217814356
seq978	AACCACACGCCTCCTGGCTAGGGTGGCCCTTCAGCTTCTCCGATTGGCGGTAACCCTATGCAGTAT	1	0.9266459188312769
seq979	CCAGTAGAAGGACCTACTATTCCGTAACCTTAACCCACCCCTGGTACAGAAAGCGAGTAAAGAATG	1	0.8573184111771112
seq980	TTCAGTTTCAGCAACGTGTATAGGGACATCATCAAGGCCGCCGACGTGTCCGGCTACCTAATTTCC	1	0.45865951411665906
seq981	GGTCCGTTTACTGTACATGTTATGGGTTACCTTAGGGCACATCGCACCATGCTCTAGGTCCCAAAG	1	0.7691022368149371
seq982	ACCCGGGACATGTCAATTATGAGCTACCTCCTTTACTCATCCCCAATGGCTCTGTCGTTCGCCCCC	0	0.38645077772754133
seq983	GACGCACCTCCGGGGGGCTACGGCAACAACGGTTGGCCCTTCTTGACGCACCACCAATCCGATTGG	0	0.740927527148353
seq984	CAGAATACTGCGGACGTACCATGCAGTGCAATCAGTGAAATTGGTCTTGTCCCTGTCTGCGGCTTC	0	0.9708920898713136
seq985	CAGGACTATTGTTCCGCTGCGGCGAGTCGATTCTTCTTCAGGCTGGAGAACAAAGCTGTACTTGGA	0	0.5268899551533197
seq986	CCTACTTAGAGCCTTCGGAGACGATACAAACTAGTGTGCTAGAAGAACCTTGTAGGCAGGAATATA	0	0.8021904596646703
seq987	ACAGATTTGAGGTTCTCGGCTGACCCGCAGAGTGTCTACACTTCGAGGCCTCCGGACTGTTGTCTT	0	0.7137617348177648
seq988	GCTCAGGCGTCAAACCAAAGCCGAACACCCGGATGGAGCGGCTGAGCCCCAACTAATAAACCGTAC	0	0.12782542944915853
seq989	CAGCGGTGGGCCGATACCCCAATCATCTATGCCCGGCTCGCCTCCCGCTTTGTGCCATGCTCTAGC	0	0.8641990268346745
seq990	CGCCCGTGTAACGGACCTAGGCAAGGCTTCGGATAGGCGTCTTGAGTAGAGATATTTTCAGGTGTA	0	0.23076593814067725
seq991	GACGGTGAAAATCACCTTAGGCCGCGAGGTTGACAGCTGATACACTTTCCCCGATTGACGTTCAGA	1	0.4428069794402648
seq992	TCACGATGCAAGCATCGCTTCTCAATGTTTACCGTGGAAGCGCTGGAGCAAATCCATTAGGGTTGT	1	0.36652048298315665
seq993	TTGCCAGACGCTACTCATCAACAGAGCAGGTCATCGCACCCTATTGTTGATGCACTAACTCGGCGT	1	0.7955429594337483
seq994	CCGTGTTTAGTAGTTTTGATTTATCCGATCAAGTCAAGCTCAGGAAGGAAGCTCACGTATAAAATC	1	0.4775331236812509
seq995	ACGGGACTCTGGAACGTTGCGAGCCTCGTGCGGTCACGGGGCTAATAATGGCTTGCGAACATGGAT	0	0.001721485893762753
seq996	AGAAGGTGAAGCGCACGAGAACCCGCACTTGCTTAGACTGCGTTTAAGTCACTGCTTTCCTCACCG	0	0.6179111005702532
seq997	TATTATCTGGTACGCAAGCTCAACGTCGTGTGGCCAAGGATGCTAGGGGAGCGCGTGCTCGAGGTT	0	0.5659604060149246
seq998	TACGCCGTATACAGTGTTGGCAGTGCGTGCATCACCCGTAGAACTGTAGGTTGACGCCGCTCTATG	1	0.2934695434810677
seq999	GCGCAACAGGTCAAGCACTTGTCACAATGAAAATTATTAGCTGTGCCGCCGGCAACACCCACCGTG	1	0.20577924246465717
